source_whois_id,source_character_id,source_character_name,whois_descriptor,whois_text_excerpt,possible_guild_or_clan,evidence_type,evidence_excerpt,confidence,needs_review
whois_aeruscator_1780832560,,Aeruscator,Half-elven Healer,"Aeruscator the Merchant [AKM] is a level thirty-six Half-elven
    Healer [Retired].
Last login 22 years, 3 months, and 30 days ago from [numerical
    address].

  Once a great merchant (480 hours spent trading), retired from business after
rent change and gone to Lost Realms - maybe until end of legendhome (merchant
house) building, maybe until MUME becomes less difficult and tedious to play,
maybe forever. If gods of this game finally decide to make legend eq cost as
much as it should - real prices for eq (set by players' offer and demand) can
be found here: http://gray.khimki.ru/MAIN/GUILD.HTM (guild prices).

  Lauren: 27,127 (just before retirement). And yes, this is absolute
MUME record of gold amount on mortal player, since begin
…",,group_keyword_line,"house) building, maybe until MUME becomes less difficult and tedious to play,",medium,yes
whois_aeruscator_1780832560,,Aeruscator,Half-elven Healer,"…
trading), retired from business after
rent change and gone to Lost Realms - maybe until end of legendhome (merchant
house) building, maybe until MUME becomes less difficult and tedious to play,
maybe forever. If gods of this game finally decide to make legend eq cost as
much as it should - real prices for eq (set by players' offer and demand) can
be found here: http://gray.khimki.ru/MAIN/GUILD.HTM (guild prices).

  Lauren: 27,127 (just before retirement). And yes, this is absolute
MUME record of gold amount on mortal player, since beginning of MUME.",,group_keyword_line,be found here: http://gray.khimki.ru/MAIN/GUILD.HTM (guild prices).,medium,yes
whois_agonor_1780899107,char_agonor,Agonor,Dwarven Battlemaster,"Agonor Battlesoul, Guardian of Helm's Deep is a level fifty-four
    Dwarven Battlemaster [Retired].
Last login 15 years, 5 months, and 3 days ago from *.com.",,group_keyword_line,"Agonor Battlesoul, Guardian of Helm's Deep is a level fifty-four",low,yes
whois_alderik_1780899163,char_alderik,Alderik,Elf,"Alderik Frystar, The Crazy Idiot is an Elf [Retired].
Last login 3 years, 6 months, and 20 days ago.
The first with his groupmembers to tame a twisted beast! But doing it so
slowly Fror ran out of time snooping us at the gateguards.",,group_keyword_line,slowly Fror ran out of time snooping us at the gateguards.,low,yes
whois_ali_1780899254,char_ali,Ali,Firebeard Battlemaster,"Ali G in da house is a level fifty-eight Firebeard Battlemaster
    [Retired].
seswseneee
wwsswwnwnwn

nseenesnew",,group_keyword_line,Ali G in da house is a level fifty-eight Firebeard Battlemaster,medium,yes
whois_ambolt_1780899314,char_ambolt,Ambolt,Dwarf,"Ambolt HO! is a Dwarf [Retired].
Last login 17 years, 1 month, and 12 days ago.

A well built mule, bred specifically in the high mountains for carrying
burdensome loads over long distances.

A mountain mule is very tired and is in an excellent condition.
A mountain mule is about to collapse and is in an excellent condition.
Your mount refuses to follow your orders!",,group_keyword_line,Your mount refuses to follow your orders!,low,yes
whois_anardil_1780899336,char_anardil,Anardil,Dúnadan Warden,"Anardil of Gondor, Sixth in the Line of Kings is a level
    forty-four Dúnadan Warden [Retired].
Last login 16 years and 7 days ago from [numerical address].

Being the son of Eärendil, Anardil ruled Gondor from the city of Osgiliath as
the sixth in the Line of Kings. Although not many events from his reign have
come to endure in the commemorated history, peace and brotherhood prevailed.
After eighty-seven years his son Ostoher succeeded him and created the custom
of the Kings spending summer in the city now commonly known as Minas Tirith.",,group_keyword_line,"come to endure in the commemorated history, peace and brotherhood prevailed.",medium,yes
whois_anneilbalkassoon_1780899380,char_anneilbalkassoon,AnneilBalkassoon,Troll,"AnneilBalkassoon the Olog-hai is a Troll [Retired].

Buffer of the Anneil clan",,group_keyword_line,Buffer of the Anneil clan,medium,yes
whois_anton_1780899413,char_anton,Anton,Silvan Wizard,"Anton Gorodeckij is a level thirty-seven Silvan Wizard [Retired].
Last login 15 years, 6 months, and 11 days ago from [numerical
    address].

Happily married to beautiful Arceleb.

The Day Leader of The Sacred Clan of The Green Star",,group_keyword_line,The Day Leader of The Sacred Clan of The Green Star,medium,yes
whois_araglas_1780899424,char_araglas,Araglas,Man,"Araglas Rider of Westmark is a Man [Retired].
Last login 12 years, 8 months, and 19 days ago.

Arise now, arise, Riders of Theoden!
Dire deeds awake, dark is eastward
Let horse be bridled, horn be sounded!
Forth Eorlingas!",,group_keyword_line,"Arise now, arise, Riders of Theoden!",low,yes
whois_ardent_1780899446,char_ardent,Ardent,Dwarven Patriarch,"Ardent the Faithful, Prophet of Durin's Army is a level forty-six
    Dwarven Patriarch [Retired].
Last login 6 months ago from [numerical address].",,group_keyword_line,"Ardent the Faithful, Prophet of Durin's Army is a level forty-six",low,yes
whois_asmandeus_1780902695,char_asmandeus,Asmandeus,Elf,"Asmandeus Acalladem of House Acalladem is an Elf [Retired].
Last login 16 years, 9 months, and 14 days ago.",,group_keyword_line,Asmandeus Acalladem of House Acalladem is an Elf [Retired].,medium,yes
whois_athela_1780902711,char_athela,Athela,Silvan Ranger,"Athela Athlorion, Lightbringer is a level forty-one Silvan Ranger
    [Retired].
Last login 2 years, 3 months, and 4 days ago from *.ee.

           Eraid galad.
              Matriarh of the House of Athlorion.",,group_keyword_line,Matriarh of the House of Athlorion.,medium,yes
whois_berg_1780903058,char_berg,Berg,"not a mage, cleric, or Swedish is a level twenty-six Black Númenórean Ranger","Berg is not a mage, cleric, or Swedish is a level twenty-six Black
    Númenórean Ranger [Retired].

i fight for all the old darkies who quit mume. i fight for all
the people with high ping. i fight for all those overkilled. if
you dont like my cause for fighting, screw yourself.",,group_keyword_line,"you dont like my cause for fighting, screw yourself.",low,yes
whois_bruni_1780907288,char_bruni,Bruni,Dwarven Patriarch,"Bruni Brighthead, Intelligent of Durin's House is a level forty
    Dwarven Patriarch [Retired].
Last login 13 years and 5 days ago from *.ee.",,group_keyword_line,"Bruni Brighthead, Intelligent of Durin's House is a level forty",medium,yes
whois_brynhilde_1780907305,char_brynhilde,Brynhilde,Dwarf,"Brynhilde Stonebreaker, Hearthguard of Berronar is a Dwarf
    [Retired].
Last login 3 months and 20 days ago.

This red haired, green eyed, dwarf wears the blue and silver trappings
of Berronar Truesilver, goddess of hearth and home. Like all hearth
guards, she wields a massive axe and a twin set of silver rings.",,group_keyword_line,"Brynhilde Stonebreaker, Hearthguard of Berronar is a Dwarf",low,yes
whois_brynhilde_1780907305,char_brynhilde,Brynhilde,Dwarf,"Brynhilde Stonebreaker, Hearthguard of Berronar is a Dwarf
    [Retired].
Last login 3 months and 20 days ago.

This red haired, green eyed, dwarf wears the blue and silver trappings
of Berronar Truesilver, goddess of hearth and home. Like all hearth
guards, she wields a massive axe and a twin set of silver rings.",,group_keyword_line,"guards, she wields a massive axe and a twin set of silver rings.",low,yes
whois_bulldozer_1780907338,char_bulldozer,Bulldozer,Mountain Troll Warrior,"Bulldozer the Earth Mover is a level twenty-seven Mountain Troll
    Warrior [Retired].
'Come not between the Trolls and their prey! Or
they will not pummel thee in thy turn. They will
bear thee away to the houses of the warrens, beyond
all darkness, where thy flesh shall be devoured, and
thy shrivelled bones be left naked to the unarmed hands.'

Motoring your way baby!

The Righteous Shall Fall before the Wicked!",,group_keyword_line,"bear thee away to the houses of the warrens, beyond",low,yes
whois_burst_1780907388,char_burst,Burst,Eriadorian Bodyguard,"Burst Brownnose is a level sixty-two Eriadorian Bodyguard
    [Retired].
Last login 21 years, 4 months, and 29 days ago from *.se.
(null)",,group_keyword_line,Burst Brownnose is a level sixty-two Eriadorian Bodyguard,low,yes
whois_calrandir_1780907432,char_calrandir,Calrandir,Dúnadan Ranger,"Calrandir Wanderer of Light, of the Grey Company is a level thirty
    Dúnadan Ranger [Retired].
Last login 5 years, 4 months, and 6 days ago from *.st.

A proud Dúnadan ranger by birth and by occupation, Calrandir travels the land
around Bree alone, protecting it from any evil Sauron might send upon it.",,group_keyword_line,"Calrandir Wanderer of Light, of the Grey Company is a level thirty",medium,yes
whois_calvin_1780907437,char_calvin,Calvin,Beorning Hero,"Calvin Klein is a level thirty-one Beorning Hero [Retired].
Last login 23 years and 4 months ago from *.com.
Proud member of Army Of Lovers! (codename: cK1).",,group_keyword_line,Proud member of Army Of Lovers! (codename: cK1).,medium,yes
whois_clangedin_1780907664,char_clangedin,Clangedin,Dwarf,"Clangedin Silverbeard is a Dwarf [Retired].
Last login 20 years and 5 days ago.

Kills on trophy only counted:
Ye can only GUESS!",,group_keyword_line,Clangedin Silverbeard is a Dwarf [Retired].,low,yes
whois_dement_1780907923,char_dement,Dement,Orc,"Dement bleh! is an Orc [Retired].

""..... We are the fighting Uruk-Hai! We slew the great warrior.
We took the prisoners. We are the servants of Saruman the Wise,
The White Hand:  The Hand that  gives us  man's-flesh  to  eat.
We  came out of  Isengard, and led you here, and we shall  lead
you back by the way we choose. I am Dement. I have spoken.... """,,group_keyword_line,"We took the prisoners. We are the servants of Saruman the Wise,",low,yes
whois_doreth_1780908089,char_doreth,Doreth,Dwarf,"Doreth Lightfoot, Messenger of Durin's House is a Dwarf [Retired].
Last login 10 months and 17 days ago from *.ee.

I'm old, just plain old,
The body moves much slower now,
The head is bent and bowed.

While a weariness sits deep,
My promises I keep.

For I am exploring Arda
In my quiet twilight haze,
Of these slow and gentle days.

This peace and these old stories
Are my own Years of Gold.",,group_keyword_line,"Doreth Lightfoot, Messenger of Durin's House is a Dwarf [Retired].",medium,yes
whois_draconis_1780908133,char_draconis,Draconis,Silvan Warlock,"Draconis the Ancient, Warlock of House Dakmor is a level
    forty-four Silvan Warlock [Retired].
Last login 20 years, 6 months, and 9 days ago from *.ee.

                                    _.--.
                                   /_.--.\
                                  /' - - `\
                                  (        )
                                 _,`.   .;'_
…",,group_keyword_line,"Draconis the Ancient, Warlock of House Dakmor is a level",medium,yes
whois_dragóth_1780908182,,Dragóth,Tarkhnarb Veteran,"Dragóth the Slayer, of the Lost Legion is a level one hundred
    Tarkhnarb Veteran [Retired].

Total kills: 2208 (1317 distinct).",,group_keyword_line,"Dragóth the Slayer, of the Lost Legion is a level one hundred",low,yes
whois_elmo_1780908596,char_elmo,Elmo,Dwarven Battlemaster,"Elmo ooooh! that tickles! is a level thirty-nine Dwarven
    Battlemaster [Retired].
Last login 20 years, 5 months, and 29 days ago from *.ca.
Of Team Canada",,group_keyword_line,Of Team Canada,low,yes
whois_eloin_1780908601,char_eloin,Eloin,Sindarin Bodyguard,"Eloin is a level forty-four Sindarin Bodyguard [Retired].
Last login 2 years, 7 months, and 2 days ago from *.ee.",,group_keyword_line,Eloin is a level forty-four Sindarin Bodyguard [Retired].,low,yes
whois_elrik_1780908607,char_elrik,Elrik,Black Númenórean,"Elrik the black istar of the Black Shadow Clan is a Black
    Númenórean [Retired].
http://bsc.mandor.se/",,group_keyword_line,Elrik the black istar of the Black Shadow Clan is a Black,medium,yes
whois_enforcer_1780908656,char_enforcer,Enforcer,Maia,"Enforcer of Law and Order on Arda is a Maia.

Nr.1: Ragface, Sardaukar, Glaran, Wind, Grizzle, Pogo, Dungeonbrawler",,group_keyword_line,Enforcer of Law and Order on Arda is a Maia.,medium,yes
whois_erudhil_1780908728,char_erudhil,Erudhil,Black Númenórean Wizard,"Erudhil the Black, High Lord of the East is a level twenty-seven
    Black Númenórean Wizard [Retired].
	

	""An army may be compared to water, for water in its natural flowing
	 avoids the heights and hastens downwards. So in a war, an army
	 should avoid strength and strike at weakness.""",,group_keyword_line,"""An army may be compared to water, for water in its natural flowing",low,yes
whois_erudhil_1780908728,char_erudhil,Erudhil,Black Númenórean Wizard,"Erudhil the Black, High Lord of the East is a level twenty-seven
    Black Númenórean Wizard [Retired].
	

	""An army may be compared to water, for water in its natural flowing
	 avoids the heights and hastens downwards. So in a war, an army
	 should avoid strength and strike at weakness.""",,group_keyword_line,"avoids the heights and hastens downwards. So in a war, an army",low,yes
whois_féagwath_1780908898,,Féagwath,Black Númenórean,"Féagwath the Undead Sorcerer is a Black Númenórean [Retired].

I am he, who brings pestilence and sorrow
I am he, who ends your life tomorrow
I am he, who hardly ever sleeps
I am he, who harvests cries and weeps
I am he, who fades beyond the border
I am he, who spreads the flame of Mordor",,group_keyword_line,"I am he, who fades beyond the border",low,yes
whois_feärendil_1780908920,,Feärendil,Noldorin Scout,"Feärendil the Golden Star is a level twenty-nine Noldorin Scout
    [Retired].
Last login 9 months and 8 days ago from *.it.
 A golden-haired elf of the ancient house of Finarfin,
 misteriously arrived long ago to the golden woods of Laurelindórenan,
 when the world was young and the woods were not called Lórien yet.",,group_keyword_line,"A golden-haired elf of the ancient house of Finarfin,",medium,yes
whois_filibert_1780908986,char_filibert,Filibert,Maia,"Filibert Unisex is a Maia.
Proud member of the Army of Lovers!
Also playing:
- Meriadoc Brandybuck
- Dakkon Blackblade
- Curufin the Crafty
- Rapp the Jester of Barad-Dur
- Core Dumped
- Dwar the Dog-Lord of Depression
- Onatah the Witch of the Hill
- Manic Compression",,group_keyword_line,Proud member of the Army of Lovers!,medium,yes
whois_flói_1780909041,,Flói,Longbeard Hero,"Flói Darkbeard, Quickblade of Durin's House is a level sixty-one
    Longbeard Hero [Retired].
Last login 2 months and 28 days ago.
..",,group_keyword_line,"Flói Darkbeard, Quickblade of Durin's House is a level sixty-one",medium,yes
whois_fragir_1780909085,char_fragir,Fragir,Dwarven Priest,"Fragir the Exorcist, Monk of Durin's House is a level seventy-five
    Dwarven Priest.
Last login 1 month and 28 days ago from [numerical address].
Goia narrates 'thats 24 min'",,group_keyword_line,"Fragir the Exorcist, Monk of Durin's House is a level seventy-five",medium,yes
whois_gage_1780909169,char_gage,Gage,Dwarf,"Gage GreatHammer, of the Trueforgers is a Dwarf [Retired].
Last login 20 years, 7 months, and 14 days ago.

In Truth lies Honor
In Honor lies Glory
Honor to the Clan
Glory to the Clan",,group_keyword_line,Honor to the Clan,medium,yes
whois_gage_1780909169,char_gage,Gage,Dwarf,"Gage GreatHammer, of the Trueforgers is a Dwarf [Retired].
Last login 20 years, 7 months, and 14 days ago.

In Truth lies Honor
In Honor lies Glory
Honor to the Clan
Glory to the Clan",,group_keyword_line,Glory to the Clan,medium,yes
whois_gereb_1780909274,char_gereb,Gereb,Man,"Gereb of the Old Guard is a Man.

The thunder of hooves nearby, then a cry - chilling, jubilant, a warcry.
The bridges are burnt, swords unsheathed; the Rhudaur ride tonight.",,group_keyword_line,Gereb of the Old Guard is a Man.,low,yes
whois_gildur_1780909302,char_gildur,Gildur,Half-Elf,"Gildur the Half-elven Rider is a Half-Elf [Retired].
Last login 2 months and 26 days ago.
The Bastard Son of Gildor Inglorion of House Finrod",,group_keyword_line,The Bastard Son of Gildor Inglorion of House Finrod,medium,yes
whois_granvil_1780909536,char_granvil,Granvil,Black Númenórean Envoy,"Granvil the Senile Granny of Black Shadow Clan is a level
    fifty-four Black Númenórean Envoy [Retired].

The reborn Senile Granny of the Black Shadow Clan

http://bsc.mandor.se

emerald",,group_keyword_line,Granvil the Senile Granny of Black Shadow Clan is a level,medium,yes
whois_granvil_1780909536,char_granvil,Granvil,Black Númenórean Envoy,"Granvil the Senile Granny of Black Shadow Clan is a level
    fifty-four Black Númenórean Envoy [Retired].

The reborn Senile Granny of the Black Shadow Clan

http://bsc.mandor.se

emerald",,group_keyword_line,The reborn Senile Granny of the Black Shadow Clan,medium,yes
whois_gròk_1780909597,,Gròk,Dwarven Bodyguard,"Gròk Róks, Warmonger of Durin's Army is a level thirty-seven
    Dwarven Bodyguard [Retired].
Last login 13 years, 2 months, and 4 days ago from [numerical
    address].",,group_keyword_line,"Gròk Róks, Warmonger of Durin's Army is a level thirty-seven",low,yes
whois_gròk_1780909597,,Gròk,Dwarven Bodyguard,"Gròk Róks, Warmonger of Durin's Army is a level thirty-seven
    Dwarven Bodyguard [Retired].
Last login 13 years, 2 months, and 4 days ago from [numerical
    address].",,group_keyword_line,Dwarven Bodyguard [Retired].,low,yes
whois_grom_1780909603,char_grom,Grom,Tarkhnarb Battlemaster,"Grom Hellscream is a level thirty-four Tarkhnarb Battlemaster
    [Retired].

This former tunnel worker quickly developed his well-known lust for blood
and fought his way up through the Goblin ranks. It is told that against
the hammer of Grom none can stand, and he now holds the Chieftain titles
in the clans of the Warsong, the Shadowmoon and the Shattered Hand.

""Looks like meat's back on the menu, boys!""",,group_keyword_line,"in the clans of the Warsong, the Shadowmoon and the Shattered Hand.",low,yes
whois_grumph_1780909630,char_grumph,Grumph,Dwarf,"Grumph Hrothgar, Sniffer of Durin's Army is a Dwarf [Retired].
Last login 13 years, 2 months, and 13 days ago.",,group_keyword_line,"Grumph Hrothgar, Sniffer of Durin's Army is a Dwarf [Retired].",low,yes
whois_grunganator_1780909636,char_grunganator,Grunganator,Dwarven Battlemaster,"Grunganator Largefeet, Berserker of Durin's House is a level
    fifty-five Dwarven Battlemaster [Retired].
Last login 9 years, 2 months, and 8 days ago from *.net.

                      Real Dwarves use Axes",,group_keyword_line,"Grunganator Largefeet, Berserker of Durin's House is a level",medium,yes
whois_hanr_1780909782,char_hanr,Hanr,Dwarven Warden,"Hanr Whitebeard, Veteran of Durin's House is a level thirty-seven
    Dwarven Warden [Retired].
Last login 18 years, 1 month, and 14 days ago from *.ee.",,group_keyword_line,"Hanr Whitebeard, Veteran of Durin's House is a level thirty-seven",medium,yes
whois_hate_1780909821,char_hate,Hate,Black Númenórean Warlock,"Hate - Twisted Soul of the Black Shadow Clan is a level thirty-one
    Black Númenórean Warlock [Retired].

What's the smell of the things that doesnt smell?

--------> TERUEL EXISTE!! <------

Donde está mi elefante!!!???",,group_keyword_line,Hate - Twisted Soul of the Black Shadow Clan is a level thirty-one,medium,yes
whois_ibis_1780911859,char_ibis,Ibis,Dwarf,"Ibis The Lonely Wolf is a Dwarf [Retired].
Last login 17 years, 2 months, and 13 days ago.
Don't touch lynxes or die !

Master of Supressing The Unnesessary Lives
of The Sacred Clan of The Green Star",,group_keyword_line,of The Sacred Clan of The Green Star,medium,yes
whois_indra_1780911954,char_indra,Indra,Rohirric Bodyguard,"Indra the Weaponsmistress of Rohan is a level thirty-seven
    Rohirric Bodyguard [Retired].
Last login 17 years and 30 days ago from *.se.

Forth, Eorlingas!",,group_keyword_line,Rohirric Bodyguard [Retired].,low,yes
whois_innuendo_1780911970,char_innuendo,Innuendo,Half-elven Hero,"Innuendo Altharis, Noble of the House of Garador is a level
    thirty-six Half-elven Hero [Retired].
Last login 2 years, 6 months, and 15 days ago.

High and Mighty, alone we are Kings,
whirlwinds of Fire we ride!",,group_keyword_line,"Innuendo Altharis, Noble of the House of Garador is a level",medium,yes
whois_iolo_1780911987,char_iolo,Iolo,Silvan Ranger,"Iolo of Mirkwood, Major o'Army of Thranduil is a level thirty
    Silvan Ranger.
Last login 8 months and 2 days ago from *.net.",,group_keyword_line,"Iolo of Mirkwood, Major o'Army of Thranduil is a level thirty",low,yes
whois_ivanushka_1780912054,char_ivanushka,Ivanushka,Black Númenórean,"Ivanushka Foolproof of Black Shadow Clan is a Black Númenórean
    [Retired].
Don't drink from the pool Ivanushka! , she said.
But it was already too late ....

http://bsc.mandor.se",,group_keyword_line,Ivanushka Foolproof of Black Shadow Clan is a Black Númenórean,medium,yes
whois_jadon_1780912082,char_jadon,Jadon,the Kaoolest is a Maia,"Jadon is the Kaoolest [Retired] is a Maia.

Bobsled News from Valinor:

* Warrens I is still the team to beat.
* Rumors from the Goblin Caves suggest a team is forming.
* Reports of an Elven doping scandal remain under investigation.
* The Blue Mountains team has been banned from using Mithril components.
* Next Misty Mountains Invitational planned for the 1st of Solmath.
* The Zaugurz Tribe issued a Press Release stating:
'We have a pretty unbeatable team
…",,group_keyword_line,* Warrens I is still the team to beat.,low,yes
whois_jadon_1780912082,char_jadon,Jadon,the Kaoolest is a Maia,"Jadon is the Kaoolest [Retired] is a Maia.

Bobsled News from Valinor:

* Warrens I is still the team to beat.
* Rumors from the Goblin Caves suggest a team is forming.
* Reports of an Elven doping scandal remain under investigation.
* The Blue Mountains team has been banned from using Mithril components.
* Next Misty Mountains Invitational planned for the 1st of Solmath.
* The Zaugurz Tribe issued a Press Release stating:
'We have a pretty unbeatable team! and an extra sled behind us with flasks'",,group_keyword_line,* Rumors from the Goblin Caves suggest a team is forming.,low,yes
whois_jadon_1780912082,char_jadon,Jadon,the Kaoolest is a Maia,"Jadon is the Kaoolest [Retired] is a Maia.

Bobsled News from Valinor:

* Warrens I is still the team to beat.
* Rumors from the Goblin Caves suggest a team is forming.
* Reports of an Elven doping scandal remain under investigation.
* The Blue Mountains team has been banned from using Mithril components.
* Next Misty Mountains Invitational planned for the 1st of Solmath.
* The Zaugurz Tribe issued a Press Release stating:
'We have a pretty unbeatable team! and an extra sled behind us with flasks'",,group_keyword_line,* The Blue Mountains team has been banned from using Mithril components.,low,yes
whois_jadon_1780912082,char_jadon,Jadon,the Kaoolest is a Maia,"…
tired] is a Maia.

Bobsled News from Valinor:

* Warrens I is still the team to beat.
* Rumors from the Goblin Caves suggest a team is forming.
* Reports of an Elven doping scandal remain under investigation.
* The Blue Mountains team has been banned from using Mithril components.
* Next Misty Mountains Invitational planned for the 1st of Solmath.
* The Zaugurz Tribe issued a Press Release stating:
'We have a pretty unbeatable team! and an extra sled behind us with flasks'",,group_keyword_line,* The Zaugurz Tribe issued a Press Release stating:,medium,yes
whois_jadon_1780912082,char_jadon,Jadon,the Kaoolest is a Maia,"…
rens I is still the team to beat.
* Rumors from the Goblin Caves suggest a team is forming.
* Reports of an Elven doping scandal remain under investigation.
* The Blue Mountains team has been banned from using Mithril components.
* Next Misty Mountains Invitational planned for the 1st of Solmath.
* The Zaugurz Tribe issued a Press Release stating:
'We have a pretty unbeatable team! and an extra sled behind us with flasks'",,group_keyword_line,'We have a pretty unbeatable team! and an extra sled behind us with flasks',low,yes
whois_johannes_1780912193,char_johannes,Johannes,Dúnadan Apprentice,"Johannes is a level one Dúnadan Apprentice [Retired].
Last login 25 years and 27 days ago from *.dk.

Akhorahil  Eldarion   Ithilagos  Merimac    Quin       Uralyon    Ymer
Bambi      Féagwath   Johannes   Nénar      Rugorn     Vincenzo   Zuljin
Chógâll    Grom       Kurdran    Ogyf       Shathûr    Wilwarin
Danath     Harowen    Legion     Pomfrit    Terendul   X...

Immortal:  Atlas.

If you wish to contact me, MUME mail Atlas.",,group_keyword_line,Danath     Harowen    Legion     Pomfrit    Terendul   X...,low,yes
whois_kaool_1780912300,char_kaool,Kaool,Cave Troll Warrior,"Kaool Runnings and the Olog-hai Bobsled Team is a level
    thirty-three Cave Troll Warrior [Retired].

Bobsled Results - Misty Mountains Invitational

1. Warrens 1 (Kaool; Grinder), 1:34.55
2. Switzerland 1 (Christian Reich; Steve Anderhub), 1:35.05.
3. Germany 1 (Christoph Langen; Markus Zimmermann), 1:35.06.
4. Switzerland 2 (Martin Annen; Beat Hefti), 1:35.20.
5. Canada 1 (Pierre Lueders; Giulio Za
…",,group_keyword_line,Kaool Runnings and the Olog-hai Bobsled Team is a level,low,yes
whois_kess_1780912367,char_kess,Kess,Dwarf,"Kess the Golden Eagle, House of Kesslor is a Dwarf [Retired].
Last login 13 years, 9 months, and 1 day ago.",,group_keyword_line,"Kess the Golden Eagle, House of Kesslor is a Dwarf [Retired].",medium,yes
whois_kessfare_1780912373,char_kessfare,Kessfare,Dwarf,"Kessfare the Rat, House of Kesslor is a Dwarf [Retired].
Last login 3 years, 9 months, and 3 days ago.",,group_keyword_line,"Kessfare the Rat, House of Kesslor is a Dwarf [Retired].",medium,yes
whois_kesslin_1780912389,char_kesslin,Kesslin,Dwarf,"Kesslin the White Bear, House of Kesslor is a Dwarf [Retired].
Last login 15 years, 8 months, and 11 days ago.
mark@ons.ca",,group_keyword_line,"Kesslin the White Bear, House of Kesslor is a Dwarf [Retired].",medium,yes
whois_kessloth_1780912395,char_kessloth,Kessloth,Dwarven Axemaster,"Kessloth the Sly Mongoose, House of Kesslor is a level twenty-six
    Dwarven Axemaster [Retired].
Last login 22 years, 7 months, and 26 days ago from *.net.",,group_keyword_line,"Kessloth the Sly Mongoose, House of Kesslor is a level twenty-six",medium,yes
whois_kesstor_1780912400,char_kesstor,Kesstor,Dwarven Chieftain,"Kesstor the Silver Badger, House of Kesslor is a level thirty
    Dwarven Chieftain [Retired].
Last login 13 years and 9 months ago from *.se.",,group_keyword_line,"Kesstor the Silver Badger, House of Kesslor is a level thirty",medium,yes
whois_kilin_1780912524,char_kilin,Kilin,Dwarven Hero,"Kilin Ironfist, Gateguard of Helm's Deep is a level forty-four
    Dwarven Hero [Retired].
Last login 24 years, 3 months, and 13 days ago from *.ee.",,group_keyword_line,"Kilin Ironfist, Gateguard of Helm's Deep is a level forty-four",low,yes
whois_koff_1780912591,char_koff,Koff,Noldorin Bodyguard,"Koff III Olut is a level twenty-five Noldorin Bodyguard [Retired].
Last login 21 years, 4 months, and 28 days ago from *.fi.",,group_keyword_line,Koff III Olut is a level twenty-five Noldorin Bodyguard [Retired].,low,yes
whois_korin_1780912619,char_korin,Korin,Dwarven Warden,"Korin is a level seventeen Dwarven Warden [Retired].
Last login 24 years, 7 months, and 22 days ago from *.s.

The Broadbeams, one of the Awakening of the Seven Ancestors of Dwarves,
awoke in Ered Lindon with our brothern clan, the Firebeards. The yrch
have ransacked Mount Gundabad, our kingdom, and the Dwarves of Belegost
seek revenge.",,group_keyword_line,"awoke in Ered Lindon with our brothern clan, the Firebeards. The yrch",medium,yes
whois_lâirâthim_1780912743,,Lâirâthim,Black Númenórean,"Lâirâthim - Backfire of the Black Shadow Clan is a Black
    Númenórean [Retired].
   |\                        |\          .(' *) ' .     .(' *) ' .
   | \           *           | \        ' .*) .'*      ' .*) .'*
   |(*\         //           |(*\      .*(// .*) .    .*(   .*) .     //
   |___\       //            |___\       // (. '*          (. '*     //
   (((""'\     //             (((""'\     // '
…",,group_keyword_line,Lâirâthim - Backfire of the Black Shadow Clan is a Black,medium,yes
whois_légion_1780912849,,Légion,Noldorin Hero,"Légion Doomcaller is a level thirty-five Noldorin Hero [Retired].
Last login 23 years, 5 months, and 9 days ago from [numerical
    address].

And the Lords of the West bade the unpure spirits
to be gone, and asked of him: ""What is thy name?""

He answered: ""Call me Legion; for we are many""",,group_keyword_line,"He answered: ""Call me Legion; for we are many""",low,yes
whois_líëf_1780912894,,Líëf,Dwarf,"Líëf O'le, Commander of Durin's Army is a Dwarf [Retired].

There are two yous that exist.  The you that is in your mind, and
the you that is in everyone else's mind.  What you are afraid of is
the you that is in everyone else's mind.

I still exist because he needs me.  When I am of no use anymore, he will
abandon me.  I've prayed for the day he'd abandon me.  But now,
now I fear it.

What? What feeling
…",,group_keyword_line,"Líëf O'le, Commander of Durin's Army is a Dwarf [Retired].",low,yes
whois_lotheila_1780913030,char_lotheila,Lotheila,Black Númenórean,"Lotheila The Evil Snake of Black Shadow Clan is a Black
    Númenórean.
GER
i dont enchant sorry...",,group_keyword_line,Lotheila The Evil Snake of Black Shadow Clan is a Black,medium,yes
whois_lowanda_1780913047,char_lowanda,Lowanda,Silvan Bodyguard,"Lowanda once lived on 1 hp! is a level thirty-two Silvan Bodyguard
    [Retired].
Last login 23 years and 30 days ago from [numerical address].
A strong warrior, travelling the lands.
Always willing to help a cleric or a mage.",,group_keyword_line,Lowanda once lived on 1 hp! is a level thirty-two Silvan Bodyguard,low,yes
whois_meriadoc_1780913367,char_meriadoc,Meriadoc,Harfoot Hero,"Meriadoc Brandybuck is a level forty Harfoot Hero [Retired].
Last login 23 years and 24 days ago from *.com.
Proud member of Army Of Lovers! (codename: Jarmo).",,group_keyword_line,Proud member of Army Of Lovers! (codename: Jarmo).,medium,yes
whois_miler_1780913441,char_miler,Miler,Orc,"Miler Madson is an Orc.
I'm only here for something to do while I procrastinate.

The second cousin, twice removed, of the most rancid part of the N'Ekasrof clan",,group_keyword_line,"The second cousin, twice removed, of the most rancid part of the N'Ekasrof clan",medium,yes
whois_miser_1780913480,char_miser,Miser,Maia,"Miser the Good Ole Busc Pincher is a Maia (Wright) [Retired].
Country:  *  /    
Whities: Felix, Pöxyhm [Semi-Active]
Darkies: Nuzo, Deacon, Heztna, Salvatore, Gowaine, Limey, Medusa [Inactive]

Special Thanks to:
Nighthawk, Nazgum, Malak, Stimpy, Penelion, Valbeesk, the Great Kip and all
the others that I can't remember atm.

/shout m to the Arda crew of late 96' - early 97'",,group_keyword_line,/shout m to the Arda crew of late 96' - early 97',low,yes
whois_morfizm_1780913615,char_morfizm,Morfizm,Maia,"Morfizm is a Maia.
Army of the West           Aew Eto Findas Johnie Kaunis Kiska
                           Lulu Lutien Moci Oiri Sul

morfizm@yahoo.com",,group_keyword_line,Army of the West           Aew Eto Findas Johnie Kaunis Kiska,low,yes
whois_morholt_1780913632,char_morholt,Morholt,Black Númenórean,"Morholt The Headhunter of Black Shadow Clan is a Black Númenórean.
Thanks for looting most including darkie only items,",,group_keyword_line,Morholt The Headhunter of Black Shadow Clan is a Black Númenórean.,medium,yes
whois_morphine_1780913655,char_morphine,Morphine,Orc,"Morphine the Pointy Ear-Collector is an Orc [Retired].

                     One Orc Army

Will pay 20 shiny coins for each pair of ears.",,group_keyword_line,One Orc Army,low,yes
whois_mortis_1780913683,char_mortis,Mortis,Black Númenórean,"Mortis the Harbinger of the Black Shadow Clan is a Black
    Númenórean [Retired].",,group_keyword_line,Mortis the Harbinger of the Black Shadow Clan is a Black,medium,yes
whois_naga_1780913841,char_naga,Naga,Maia,"Naga the White Serpent is a Maia (Shaper).
>> Yants narrates 'sigh. Naga squashed my ants.'
>> Ocher tells you 'Leave Yant's ants alone'
>> Alkar says 'don't screw with a mudller!'
>> Falk brabbles: naga is god of the trolls
>> Eolo tells you 'I thought you were a snake, but it is ok to express your
>> feelings.'
>> Vidunder tells you 'so you're the mastermind behind all the
>> hobbit-slaughter?'
>> Insomniac tells you 'we all have our blonde moments. dont let anyone
>> tell you different!'
>> Waba says 'Your knowledge of S&
…",,group_keyword_line,>> Alkar says 'don't screw with a mudller!',low,yes
whois_nari_1780913927,char_nari,Nari,Dwarven Warden,"Nari Khórad, Chancellor of Durin's Army is a level thirty-nine
    Dwarven Warden [Retired].
Last login 10 years, 1 month, and 17 days ago from *.com.
mark@ons.ca

Ever have a REALLY bad day?
> On the 16th Winterfilth in 2929 of the third age, you were slain in a Secret
> Passage by a vile guardian stone beast, and fell to level thirty-eight.
> [...]
> ! CW Mana:Warm>wear banded
> You put a banded ring on you
…",,group_keyword_line,"Nari Khórad, Chancellor of Durin's Army is a level thirty-nine",low,yes
whois_nari_1780913927,char_nari,Nari,Dwarven Warden,"Nari Khórad, Chancellor of Durin's Army is a level thirty-nine
    Dwarven Warden [Retired].
Last login 10 years, 1 month, and 17 days ago from *.com.
mark@ons.ca

Ever have a REALLY bad day?
> On the 16th Winterfilth in 2929 of the third age, you were slain in a Secret
> Passage by a vile guardian stone beast, and fell to level thirty-eight.
> [...]
> ! CW Mana:Warm>wear banded
> You put a banded ring on your left finger.
> Your banded ring begins to pulsate, you can feel it jumping
> on your finger, in a searing flash it disintegrates!",,group_keyword_line,"> Passage by a vile guardian stone beast, and fell to level thirty-eight.",low,yes
whois_nazghûl_1780913966,,Nazghûl,Orc,"Nazghûl Shadowy Guardian of The Frozen North is an Orc [Retired].

Prophet! said I, thing of evil! Prophet still, if bird or devil!
Whether tempter sent, or whether tempest tossed thee here ashore,
Desolate, yet all undaunted, on this desert land enchanted-
On this home by horror haunted- tell me truly, I implore:
Is there- is there balm in Gilead? Tell me- tell me, I implore!""

Quoth the raven, ""Nevermore.""",,group_keyword_line,Nazghûl Shadowy Guardian of The Frozen North is an Orc [Retired].,low,yes
whois_newmie_1780914022,char_newmie,Newmie,Beorning Bodyguard,"Newmie the Beach Patrol senior is a level thirty-seven Beorning
    Bodyguard [Retired].
Last login 7 years, 7 months, and 23 days ago from *.se.

Newmie scans the beach for people in need of help.
As he sees none, he flexes his chest and combs his hair.",,group_keyword_line,Bodyguard [Retired].,low,yes
whois_norrland_1780914113,char_norrland,Norrland,Tarkhnarb Snaga,"Norrland is a level six Tarkhnarb Snaga [Retired].
Is playing from *.norrland

The original *.norrland, the founders of the clan:
Edvard, Faint, Lasse & David

Additions:
(Mume-mail Edvard if you feel that you deserve to be on this list!)

A homepage is under construction...",,group_keyword_line,"The original *.norrland, the founders of the clan:",medium,yes
whois_oscarmeyer_1780914294,char_oscarmeyer,Oscarmeyer,Black Númenórean Murderer,"Oscarmeyer the Evasion Expert of Black Shadow Clan is a level
    fifty-two Black Númenórean Murderer [Retired].

Oh, dance in the dark of night,
Sing to the morn-ing light.
The dark Lord rides in force tonight
And time will tell us all.",,group_keyword_line,Oscarmeyer the Evasion Expert of Black Shadow Clan is a level,medium,yes
whois_pilsner_1780914437,char_pilsner,Pilsner,Maia,"Pilsner Gurqwell, the God of Hammerhead Clan is a Maia.
If his hands are above your head,
than his nuts are the same level
as your teeths.

Whities: Butrus Kokot Koza Prcek Pumba Starobahno Torham
Darkies: Chuj Dolik Guma Hovado Khamil Kurva Mamut Mamutice Mrsina Ozon Tupoun
Zaugurz: Nogir Pepa",,group_keyword_line,"Pilsner Gurqwell, the God of Hammerhead Clan is a Maia.",medium,yes
whois_prosit_1780914880,char_prosit,Prosit,Dwarven Warden,"Prosit Sigin, One of the Otso [NSL] is a level thirty-seven
    Dwarven Warden [Retired].
Last login 17 years, 9 months, and 12 days ago from [numerical
    address].

   Best Fortune Cookies:

  .cz is the guild of looters.
  Those marked by .ee are known to cheat more
  When the Aratar drink liquour, stay out!",,group_keyword_line,.cz is the guild of looters.,medium,yes
whois_razoor_1780915146,char_razoor,Razoor,Troll,"Razoor - A Walking Christmastree is a Troll [Retired].

Temegl whines 'we are the 3 overkilling ologs!'
Temegl whines 'with portalwhoring bn!'
Temegl whines 'we are the A team!'

Naomi utters the word 'grzzs'
Temegl lies down and falls asleep.

Naomi says 'portalwhore my ass'",,group_keyword_line,Temegl whines 'we are the A team!',low,yes
whois_rhômbuc_1780915242,,Rhômbuc,Orc,Rhômbuc the Guardian of Zirak-zigil is an Orc [Retired].,,group_keyword_line,Rhômbuc the Guardian of Zirak-zigil is an Orc [Retired].,low,yes
whois_rippin_1780915288,char_rippin,Rippin,Fallohide Bodyguard,"Rippin Hood, Second Lieutenant of the SST is a level thirty-six
    Fallohide Bodyguard [Retired].
Last login 23 years, 11 months, and 27 days ago from *.nl.
After a successful carreer in Hollinwood, where he appeared in classics
such as 'Rippin Hood', 'The Rippinator' and 'Rippin Powers', Rippin now is
travelling the lands trying to evade the many fans he gained throughout
the screenings of his newer works, 'Rippin Powers II, the wobbit who sh
…",,group_keyword_line,Fallohide Bodyguard [Retired].,low,yes
whois_rotho_1780915385,char_rotho,Rotho,Stoor Bodyguard,"Rotho Brandybuck is a level forty-five Stoor Bodyguard [Retired].
Last login 9 months and 5 days ago.

FOR THE SHIRE!
A horse leaves south.",,group_keyword_line,Rotho Brandybuck is a level forty-five Stoor Bodyguard [Retired].,low,yes
whois_shagrath_1780915668,char_shagrath,Shagrath,Elf,"Shagrath the Guardian Anger is an Elf [Retired].
Last login 16 years, 9 months, and 8 days ago.",,group_keyword_line,Shagrath the Guardian Anger is an Elf [Retired].,low,yes
whois_shala_1780915685,char_shala,Shala,Silvan Hero,"Shala the Guardian of Wilderness is a level forty Silvan Hero
    [Retired].
Last login 11 years, 4 months, and 25 days ago from *.net.",,group_keyword_line,Shala the Guardian of Wilderness is a level forty Silvan Hero,low,yes
whois_sloshed_1780915911,char_sloshed,Sloshed,Tarkhnarb Battlemaster,"Sloshed of Team Canada! is a level thirty-three Tarkhnarb
    Battlemaster [Retired].
904 Pukes currently on TrophY!",,group_keyword_line,Sloshed of Team Canada! is a level thirty-three Tarkhnarb,low,yes
whois_snowball_1780915997,char_snowball,Snowball,Black Númenórean,"Snowball - Firekeeper of the Black Shadow Clan is a Black
    Númenórean [Retired].

              Im Mesmerized in every way,
               You keep me in a state of daze,
                Your kisses make my skin feel weak,
                 Always nothing in your way,
                  And i sore like a bird in the wind,
                   Oh i glide as im flying through heaven.",,group_keyword_line,Snowball - Firekeeper of the Black Shadow Clan is a Black,medium,yes
whois_spinner_1780916071,char_spinner,Spinner,Orc,"Spinner Bloodlust is an Orc [Retired].

""I will have my vengeance, in this life or the next.""

-- Maximus Decimus Meridius
   General of the Felix Legions",,group_keyword_line,General of the Felix Legions,low,yes
whois_steele_1780916145,char_steele,Steele,Maia,Steele - Guardian of the White Tower is a Maia.,,group_keyword_line,Steele - Guardian of the White Tower is a Maia.,low,yes
whois_tars_1780916305,char_tars,Tars,Orc,"Tars Tarkas King of the Tribe that Returned is an Orc [Retired].

Woe to you my Princess, when I come, I will kiss you quite red
and feed you till you are plump. And if you are froward, you
shall see who is the stronger, a gentle little girl who doesn't
eat enough or a big wild man who has cocaine in his body.

- Sigmund Freud",,group_keyword_line,Tars Tarkas King of the Tribe that Returned is an Orc [Retired].,medium,yes
whois_tasa_1780916310,char_tasa,Tasa,Stoor Warden,"Tasa Steamyhead, Shirriff of Moria is a level twenty-six Stoor
    Warden [Retired].
Last login 25 years, 9 months, and 2 days ago from *.ee.",,group_keyword_line,"Tasa Steamyhead, Shirriff of Moria is a level twenty-six Stoor",low,yes
whois_tezcatlipoca_1780916400,char_tezcatlipoca,Tezcatlipoca,Dwarven Hero,"Tezcatlipoca Thunderblade, Warden of Durin's House is a level
    fifty Dwarven Hero [Retired].
Last login 3 years, 6 months, and 18 days ago from *.ee.
...",,group_keyword_line,"Tezcatlipoca Thunderblade, Warden of Durin's House is a level",medium,yes
whois_tha_1780916406,char_tha,Tha,Dwarven Chieftain,"Tha Darksoul, Berserker of Durin's House is a level fifty-one
    Dwarven Chieftain [Retired].
Last login 22 years, 10 months, and 23 days ago from *.ee.
You are intoxicated.

Now I'm a killer, and I have no faith.
You play the victim, as I come for you.
We'r all the same little losers. But we fight like hell.
So come on drop your guard now, I'm coming through...",,group_keyword_line,"Tha Darksoul, Berserker of Durin's House is a level fifty-one",medium,yes
whois_tha_1780916406,char_tha,Tha,Dwarven Chieftain,"Tha Darksoul, Berserker of Durin's House is a level fifty-one
    Dwarven Chieftain [Retired].
Last login 22 years, 10 months, and 23 days ago from *.ee.
You are intoxicated.

Now I'm a killer, and I have no faith.
You play the victim, as I come for you.
We'r all the same little losers. But we fight like hell.
So come on drop your guard now, I'm coming through...",,group_keyword_line,"So come on drop your guard now, I'm coming through...",low,yes
whois_thrór_1780916535,,Thrór,Longbeard Hero,"Thrór Blacksmith, Elder of Durin's House is a level seventy
    Longbeard Hero [Retired].
Last login 2 months and 26 days ago from *.ee.
The Dwarves of Durin's House, Loyal to King Thorin II Oakenshield

                  Thror Blacksmith     Staub Steelblade

Condor Headslayer       Doreth Lightfoot          Eld Clearthought
Erath Soulblade         Fragir Exorcist           Bruni Brighthead
Grunga Nimblef
…",,group_keyword_line,"Thrór Blacksmith, Elder of Durin's House is a level seventy",medium,yes
whois_thrór_1780916535,,Thrór,Longbeard Hero,"Thrór Blacksmith, Elder of Durin's House is a level seventy
    Longbeard Hero [Retired].
Last login 2 months and 26 days ago from *.ee.
The Dwarves of Durin's House, Loyal to King Thorin II Oakenshield

                  Thror Blacksmith     Staub Steelblade

Condor Headslayer       Doreth Lightfoot          Eld Clearthought
Erath Soulblade         Fragir Exorcist           Bruni Brighthead
Grunga Nimblefinger     Grunganator Largefeet     Zeddicus Stronghand
Nator Bloodlust         Shwash Bummer             Tezcatlipoca Thunderblade
Tha Darksou
…",,group_keyword_line,"The Dwarves of Durin's House, Loyal to King Thorin II Oakenshield",medium,yes
whois_vip_1780917133,char_vip,Vip,Black Númenórean Envoy,"Vip the Black Necrofilonean Patriarch is a level sixty-one Black
    Númenórean Envoy [Retired].

Protect da V.I.P. team !!!",,group_keyword_line,Protect da V.I.P. team !!!,low,yes
whois_vishnak_1780917138,char_vishnak,Vishnak,Tarkhnarb Veteran,"…
Tarkhnarb Veteran
    [Retired].

He was sent to take Enso's place among the Uruk-Hai of the Misty Mountains by
Grolushivak Rockbottom, the by far most respected leader of the outposts in the
north. He is now beginning to grow into the role of his predecessor and will no
longer hesitate to violently and relentlessly unleash his fury upon those who
oppose him or disobey his orders. Fear will once again be our greatest weapon.",,group_keyword_line,oppose him or disobey his orders. Fear will once again be our greatest weapon.,low,yes
whois_xaltotun_1780917369,char_xaltotun,Xaltotun,Tarkhnarb Champion,"Xaltotun the Purple Ninja, Tunck-Fu Clan is a level fifty-three
    Tarkhnarb Champion [Retired].
...",,group_keyword_line,"Xaltotun the Purple Ninja, Tunck-Fu Clan is a level fifty-three",medium,yes
whois_zeddicus_1780917466,char_zeddicus,Zeddicus,Dwarven Hero,"Zeddicus Stronghand, Warden of Durin's House is a level
    forty-seven Dwarven Hero [Retired].
Last login 23 years, 1 month, and 22 days ago from [numerical
    address].",,group_keyword_line,"Zeddicus Stronghand, Warden of Durin's House is a level",medium,yes
whois_zomb_1780917573,char_zomb,Zomb,your Papa Bodyguard is an Orc,"Zomb is your Papa Bodyguard is an Orc.
Member of mafia.ru

*a crippled pukie* says: 'are u gangsters?'
*Zomb* perdnul: 'NO! We are russians!'",,group_keyword_line,Zomb is your Papa Bodyguard is an Orc.,low,yes
whois_zorgoth_1780917601,char_zorgoth,Zorgoth,Orc,"Zorgoth the Mastersmith of Durgash tribe is an Orc [Retired].

   Are you afraid, afraid to die?
Don't be afraid to try ...
   Are you afraid, afraid to die?
Don't be afraid to suicide ...",,group_keyword_line,Zorgoth the Mastersmith of Durgash tribe is an Orc [Retired].,medium,yes
whois_fragir_1780961941,char_fragir,Fragir,Dwarven Priest,"Fragir the Exorcist, Monk of Durin's House is a
    level seventy-five Dwarven Priest.
Last login 1 month and 28 days ago from [numerical
    address].",,group_keyword_line,"Fragir the Exorcist, Monk of Durin's House is a",medium,yes
whois_naga_1780962021,char_naga,Naga,Maia,"Naga the White Serpent is a Maia (Shaper).
>> Yants narrates 'sigh. Naga squashed my ants.'
>> Ocher tells you 'Leave Yant's ants alone'
>> Alkar says 'don't screw with a mudller!'
>> Falk brabbles: naga is god of the trolls
>> Eolo tells you 'I thought you were a snake, but it is ok to express your
>> feelings.'
>> Vidunder tells you 'so you're the mastermind behind all the
>> hobbit-slaughter?'
>> Insomniac tells you 'we all have our blonde moments. dont let anyone
>> tell you different!'
>> Waba says 'Your knowledge of S&
…",,group_keyword_line,>> Alkar says 'don't screw with a mudller!',low,yes
whois_rotho_1780962039,char_rotho,Rotho,Stoor Bodyguard,"Rotho Brandybuck is a level forty-five Stoor
    Bodyguard [Retired].
Last login 9 months and 6 days ago.

FOR THE SHIRE!",,group_keyword_line,Bodyguard [Retired].,low,yes
