character_id,name,race,class,level,status,first_seen,last_seen,whois_checked,duplicate_count,notes
char_aalio,Aalio,,,,,,,false,1,
char_aalok,Aalok,,,,,,,false,1,
char_aaz,Aaz,,,,,,,false,1,
char_abraxas,Abraxas,,,,,,,false,1,
char_acheron,Acheron,,,,,,,false,1,
char_achilles,Achilles,,,,,,,false,1,
char_adama,Adama,,,,,,,false,1,
char_adanedhel,Adanedhel,,,,,,,false,1,
char_adorable,Adorable,,,,,,,false,1,
char_aegon,Aegon,,,,,,,false,1,
char_aew,Aew,,,,,,,false,1,
char_agan,Agan,,,,,,,false,1,
char_agannalo,Agannalo,,,,,,,false,1,
char_agannardu,Agannardu,,,,,,,false,1,
char_agarakhor,Agarakhor,,,,,,,false,1,
char_agarde,Agarde,,,,,,,false,1,
char_agattax,Agattax,,,,,,,false,1,
char_agent,Agent,,,,,,,false,1,
char_aglar,Aglar,,,,,,,false,1,
char_agonor,Agonor,,,,,,,false,1,
char_aiele,Aiele,,,,,,,false,1,
char_ainafea,Ainafea,,,,,,,false,1,
char_ainairos,Ainairos,,,,,,,false,1,
char_ajax,Ajax,,,,,,,false,1,
char_akhorahil,Akhorahil,,,,,,,false,1,
char_albundy,AlBundy,,,,,,,false,1,
char_alantir,Alantir,,,,,,,false,1,
char_alazar,Alazar,,,,,,,false,1,
char_alcion,Alcion,,,,,,,false,1,
char_alderik,Alderik,,,,,,,false,1,
char_alf,Alf,,,,,,,false,1,
char_alfank,Alfank,,,,,,,false,1,
char_alfo,Alfo,,,,,,,false,1,
char_alfrim,Alfrim,,,,,,,false,1,
char_algaron,Algaron,,,,,,,false,1,
char_alhadar,Alhadar,,,,,,,false,1,
char_ali,Ali,,,,,,,false,1,
char_alicia,Alicia,,,,,,,false,1,
char_alizee,Alizee,,,,,,,false,1,
char_alkar,Alkar,,,,,,,false,1,
char_almarian,Almarian,,,,,,,false,2,
char_alvedon,Alvedon,,,,,,,false,1,
char_alweon,Alweon,,,,,,,false,1,
char_amandil,Amandil,,,,,,,false,1,
char_amantest,Amantest,,,,,,,false,1,
char_amarant,Amarant,,,,,,,false,1,
char_amarie,Amarie,,,,,,,false,1,
char_ambolt,Ambolt,,,,,,,false,1,
char_amdir,Amdir,,,,,,,false,1,
char_amelia,Amelia,,,,,,,false,1,
char_anaconda,Anaconda,,,,,,,false,1,
char_anardil,Anardil,,,,,,,false,1,
char_ancalimon,Ancalimon,,,,,,,false,1,
char_ancra,Ancra,,,,,,,false,1,
char_andarion,Andarion,,,,,,,false,1,
char_andore,Andore,,,,,,,false,1,
char_andris,Andris,,,,,,,false,1,
char_anezka,Anezka,,,,,,,false,1,
char_angrenfea,Angrenfea,,,,,,,false,1,
char_anneilbalkassoon,AnneilBalkassoon,,,,,,,false,1,
char_anner,Anner,,,,,,,false,1,
char_annesh,Annesh,,,,,,,false,1,
char_anolad,Anolad,,,,,,,false,1,
char_anselmo,Anselmo,,,,,,,false,1,
char_antar,Antar,,,,,,,false,1,
char_anton,Anton,,,,,,,false,1,
char_aragil,Aragil,,,,,,,false,1,
char_araglas,Araglas,,,,,,,false,1,
char_arakon,Arakon,,,,,,,false,1,
char_aram,Aram,,,,,,,false,1,
char_aranka,Aranka,,,,,,,false,1,
char_ardent,Ardent,,,,,,,false,1,
char_arelia,Arelia,,,,,,,false,1,
char_ares,Ares,,,,,,,false,1,
char_arglebargle,Arglebargle,,,,,,,false,1,
char_arhar,Arhar,,,,,,,false,1,
char_ariakan,Ariakan,,,,,,,false,1,
char_ariala,Ariala,,,,,,,false,1,
char_aris,Aris,,,,,,,false,1,
char_arkady,Arkady,,,,,,,false,1,
char_arkine,Arkine,,,,,,,false,1,
char_arla,Arla,,,,,,,false,1,
char_arn,Arn,,,,,,,false,1,
char_arnoc,Arnoc,,,,,,,false,1,
char_aros,Aros,,,,,,,false,1,
char_arte,Arte,,,,,,,false,1,
char_artigor,Artigor,,,,,,,false,1,
char_asanda,Asanda,,,,,,,false,1,
char_aschit,Aschit,,,,,,,false,1,
char_aseff,Aseff,,,,,,,false,1,
char_ashmash,Ashmash,,,,,,,false,1,
char_asmandeus,Asmandeus,,,,,,,false,1,
char_assa,Assa,,,,,,,false,1,
char_astar,Astar,,,,,,,false,1,
char_athela,Athela,,,,,,,false,1,
char_atlas,Atlas,,,,,,,false,1,
char_audi,Audi,,,,,,,false,1,
char_auriane,Auriane,,,,,,,false,1,
char_ausir,Ausir,,,,,,,false,1,
char_avenir,Avenir,,,,,,,false,1,
char_awesome,Awesome,,,,,,,false,1,
char_axel,Axel,,,,,,,false,1,
char_azalyn,Azalyn,,,,,,,false,1,
char_azazello,Azazello,Tarkhnarb,Champion,100,Retired,,,true,1,whois display_name=Azazello the Daemon of the Waterless Desert | whois epithet_or_title=the Daemon of the Waterless Desert | whois descriptor=a level one hundred Tarkhnarb Champion | whois captured_date=2026-06-07
char_azazhel,Azazhel,,,,,,,false,1,
char_azg,Azg,,,,,,,false,1,
char_azhal,Azhal,,,,,,,false,1,
char_azmodan,Azmodan,,,,,,,false,1,
char_azylic,Azylic,,,,,,,false,1,
char_baalrukh,Baalrukh,,,,,,,false,1,
char_babai,Babai,,,,,,,false,1,
char_backfire,Backfire,,,,,,,false,1,
char_badur,Badur,,,,,,,false,1,
char_bagger,Bagger,,,,,,,false,1,
char_baghtru,Baghtru,,,,,,,false,1,
char_bah,Bah,,,,,,,false,1,
char_bairanax,Bairanax,,,,,,,false,1,
char_bajun,Bajun,,,,,,,false,1,
char_balder,Balder,,,,,,,false,1,
char_baldwin,Baldwin,,,,,,,false,1,
char_baldy,Baldy,,,,,,,false,1,
char_balin,Balin,,,,,,,false,1,
char_balthazar,Balthazar,,,,,,,false,1,
char_baltimor,Baltimor,,,,,,,false,1,
char_bambi,Bambi,,,,,,,false,1,
char_bamsefar,Bamsefar,,,,,,,false,1,
char_baphomet,Baphomet,,,,,,,false,1,
char_baraban,Baraban,,,,,,,false,1,
char_baradul,Baradul,,,,,,,false,1,
char_barak,Barak,,,,,,,false,1,
char_baresark,Baresark,,,,,,,false,1,
char_barlok,Barlok,,,,,,,false,1,
char_barnes,Barnes,,,,,,,false,1,
char_basha,Basha,,,,,,,false,1,
char_bashy,Bashy,,,,,,,false,1,
char_basta,Basta,,,,,,,false,1,
char_bastantor,Bastantor,,,,,,,false,1,
char_bastion,Bastion,,,,,,,false,1,
char_batar,Batar,,,,,,,false,1,
char_bates,Bates,,,,,,,false,1,
char_batpoop,Batpoop,,,,,,,false,1,
char_baurk,Baurk,,,,,,,false,1,
char_bearclaw,Bearclaw,,,,,,,false,1,
char_bearnas,Bearnas,,,,,,,false,1,
char_beastly,Beastly,,,,,,,false,1,
char_beat,Beat,,,,,,,false,1,
char_beleghir,Beleghir,,,,,,,false,1,
char_belemoth,Belemoth,,,,,,,false,1,
char_belind,Belind,,,,,,,false,1,
char_bellows,Bellows,,,,,,,false,1,
char_belrun,Belrun,,,,,,,false,1,
char_beltira,Beltira,,,,,,,false,1,
char_belzagar,Belzagar,,,,,,,false,1,
char_belzedin,Belzedin,,,,,,,false,1,
char_beogul,Beogul,,,,,,,false,1,
char_beorel,Beorel,,,,,,,false,1,
char_beowulf,Beowulf,,,,,,,false,1,
char_beremon,Beremon,,,,,,,false,1,
char_berg,Berg,,,,,,,false,1,
char_berin,Berin,,,,,,,false,1,
char_berlal,Berlal,,,,,,,false,1,
char_beruska,Beruska,,,,,,,false,1,
char_betty,Betty,,,,,,,false,1,
char_bian,Bian,,,,,,,false,1,
char_bianca,Bianca,,,,,,,false,1,
char_bianthor,Bianthor,,,,,,,false,1,
char_bifur,Bifur,,,,,,,false,1,
char_bigge,Bigge,,,,,,,false,1,
char_bigger,Bigger,,,,,,,false,1,
char_bijec,Bijec,,,,,,,false,1,
char_bimulo,Bimulo,,,,,,,false,1,
char_bishn_k,Bishn�k,,,,,,,false,1,
char_bizarre,Bizarre,,,,,,,false,1,
char_bjorn,Bjorn,,,,,,,false,1,
char_blackfoot,Blackfoot,,,,,,,false,1,
char_blackthorne,Blackthorne,,,,,,,false,1,
char_blizzard,Blizzard,,,,,,,false,1,
char_blizzardo,Blizzardo,,,,,,,false,1,
char_blob,Blob,,,,,,,false,1,
char_bloha,Bloha,,,,,,,false,1,
char_bluebell,Bluebell,,,,,,,false,1,
char_blyn,Blyn,,,,,,,false,1,
char_blysk,Blysk,,,,,,,false,1,
char_bobba,Bobba,,,,,,,false,1,
char_bobbie,Bobbie,,,,,,,false,1,
char_bodhran,Bodhran,,,,,,,false,1,
char_bodycast,Bodycast,,,,,,,false,1,
char_bogger,Bogger,,,,,,,false,1,
char_bogodur,Bogodur,,,,,,,false,1,
char_bohemond,Bohemond,,,,,,,false,1,
char_bok,Bok,,,,,,,false,1,
char_bomir,Bomir,,,,,,,false,1,
char_bonebiter,Bonebiter,,,,,,,false,1,
char_boomer,Boomer,,,,,,,false,1,
char_boot,Boot,,,,,,,false,1,
char_bootyho,Bootyho,,,,,,,false,1,
char_borek,Borek,,,,,,,false,1,
char_borgash,Borgash,,,,,,,false,1,
char_bornack,Bornack,,,,,,,false,1,
char_boroda,Boroda,,,,,,,false,1,
char_borodjavka,Borodjavka,,,,,,,false,1,
char_botesia,Botesia,,,,,,,false,1,
char_bounty,Bounty,,,,,,,false,1,
char_braddock,Braddock,,,,,,,false,1,
char_bramba,Bramba,,,,,,,false,1,
char_brash,Brash,,,,,,,false,1,
char_brask,Brask,,,,,,,false,1,
char_breaux,Breaux,,,,,,,false,1,
char_britney,Britney,,,,,,,false,1,
char_brog,Brog,,,,,,,false,1,
char_brogan,Brogan,,,,,,,false,1,
char_bromir,Bromir,,,,,,,false,1,
char_broom,Broom,,,,,,,false,1,
char_brugan,Brugan,,,,,,,false,1,
char_bruise,Bruise,,,,,,,false,1,
char_brumbur,Brumbur,,,,,,,false,1,
char_bruni,Bruni,,,,,,,false,1,
char_brutte,Brutte,,,,,,,false,1,
char_brutux,Brutux,,,,,,,false,1,
char_brynhilde,Brynhilde,,,,,,,false,1,
char_bubla,Bubla,,,,,,,false,1,
char_bubu,Bubu,,,,,,,false,1,
char_buffer,Buffer,,,,,,,false,1,
char_buggar,Buggar,,,,,,,false,1,
char_buliwyf,Buliwyf,,,,,,,false,1,
char_bulldozer,Bulldozer,,,,,,,false,1,
char_bullebu,Bullebu,,,,,,,false,1,
char_buller,Buller,,,,,,,false,1,
char_bum,Bum,,,,,,,false,1,
char_bumbur,Bumbur,,,,,,,false,1,
char_burb,Burb,,,,,,,false,1,
char_burghul,Burghul,,,,,,,false,1,
char_burk,Burk,,,,,,,false,1,
char_burok,Burok,,,,,,,false,1,
char_burst,Burst,,,,,,,false,1,
char_burzum,Burzum,,,,,,,false,1,
char_butrus,Butrus,,,,,,,false,1,
char_butter,Butter,,,,,,,false,1,
char_byleist,Byleist,,,,,,,false,1,
char_cagim,Cagim,,,,,,,false,1,
char_calan,Calan,,,,,,,false,1,
char_caldor,Caldor,,,,,,,false,1,
char_calrandir,Calrandir,,,,,,,false,1,
char_calvin,Calvin,,,,,,,false,1,
char_caman,Caman,,,,,,,false,1,
char_candid,Candid,Noldorin,Scout,35,Retired,2003-11-08,2003-11-08,true,1,"whois display_name=Candid the Sniper - Nothing Sacred | whois epithet_or_title=the Sniper - Nothing Sacred | whois descriptor=a level thirty-five Noldorin Scout | Last login 22 years, 6 months, and 29 days ago from [numerical address]. | whois captured_date=2026-06-07"
char_cano,Cano,,,,,,,false,1,
char_caolin,Caolin,,,,,,,false,1,
char_capiche,Capiche,,,,,,,false,1,
char_carak,Carak,,,,,,,false,1,
char_caress,Caress,,,,,,,false,1,
char_carib,Carib,,,,,,,false,1,
char_carl,Carl,,,,,,,false,1,
char_carniminimmiel,Carniminimmiel,,,,,,,false,1,
char_casque,Casque,,,,,,,false,1,
char_cavalera,Cavalera,,,,,,,false,1,
char_cele,Cele,,,,,,,false,1,
char_celedon,Celedon,,,,,,,false,1,
char_celegrim,Celegrim,,,,,,,false,1,
char_celo,Celo,,,,,,,false,1,
char_celorfilas,Celorfilas,,,,,,,false,1,
char_celt,Celt,,,,,,,false,1,
char_cen,Cen,,,,,,,false,1,
char_cenedra,Cenedra,,,,,,,false,1,
char_centurion,Centurion,,,,,,,false,1,
char_cerion,Cerion,,,,,,,false,1,
char_cerleg,Cerleg,,,,,,,false,1,
char_cervotoc,Cervotoc,,,,,,,false,1,
char_chak,Chak,,,,,,,false,1,
char_chang,Chang,,,,,,,false,1,
char_chauncey,Chauncey,,,,,,,false,1,
char_chavez,Chavez,,,,,,,false,1,
char_chazan,Chazan,,,,,,,false,1,
char_chelios,Chelios,,,,,,,false,1,
char_chen,Chen,,,,,,,false,1,
char_cherish,Cherish,,,,,,,false,1,
char_chewer,Chewer,,,,,,,false,1,
char_chikarhayshi,Chikarhayshi,,,,,,,false,1,
char_chogall,Chogall,,,,,,,false,1,
char_chudwicki,Chudwicki,,,,,,,false,1,
char_cidar,Cidar,,,,,,,false,1,
char_ciluras,Ciluras,,,,,,,false,1,
char_cilya,Cilya,,,,,,,false,1,
char_cinsovinsh,Cinsovinsh,,,,,,,false,1,
char_ciryatan,Ciryatan,,,,,,,false,1,
char_clangedin,Clangedin,,,,,,,false,1,
char_clericii,Clericii,,,,,,,false,1,
char_cootafides,Cootafides,,,,,,,false,1,
char_core,Core,,,,,,,false,2,
char_cormac,Cormac,,,,,,,false,1,
char_corvin,Corvin,Silvan,Hunter,40,Retired,2003-12-30,2003-12-30,true,1,"whois display_name=Corvin - one of the Nine | whois epithet_or_title=- one of the Nine | whois descriptor=a level forty Silvan Hunter | Last login 22 years, 5 months, and 8 days ago from [numerical address]. | whois captured_date=2026-06-07"
char_cotc,Cotc,,,,,,,false,1,
char_cruel,Cruel,,,,,,,false,1,
char_cruggo,Cruggo,,,,,,,false,1,
char_cryl,Cryl,,,,,,,false,1,
char_crysania,Crysania,,,,,,,false,1,
char_cufdrup,Cufdrup,,,,,,,false,1,
char_cur,Cur,,,,,,,false,1,
char_curufin,Curufin,,,,,,,false,1,
char_curufinwe,Curufinwe,,,,,,,false,1,
char_cyclaw,Cyclaw,,,,,,,false,1,
char_cylas,Cylas,,,,,,,false,1,
char_cymoril,Cymoril,,,,,,,false,1,
char_cyrano,Cyrano,,,,,,,false,1,
char_daalil,Daalil,,,,,,,false,1,
char_daddy,Daddy,,,,,,,false,1,
char_daevia,Daevia,,,,,,,false,1,
char_dafur,Dafur,,,,,,,false,1,
char_dakkon,Dakkon,,,,,,,false,1,
char_dalamar,Dalamar,,,,,,,false,1,
char_dalmorg,Dalmorg,,,,,,,false,1,
char_danath,Danath,,,,,,,false,1,
char_danzig,Danzig,,,,,,,false,1,
char_daren,Daren,,,,,,,false,1,
char_darkun,Darkun,,,,,,,false,1,
char_darkwind,Darkwind,,,,,,,false,1,
char_darq,Darq,,,,,,,false,1,
char_david,David,,,,,,,false,1,
char_dax,Dax,,,,,,,false,1,
char_daz,Daz,,,,,,,false,1,
char_dazzle,Dazzle,,,,,,,false,1,
char_deacon,Deacon,,,,,,,false,1,
char_death,Death,,,,,,,false,1,
char_deathwind,Deathwind,,,,,,,false,1,
char_deavon,Deavon,,,,,,,false,1,
char_decoy,Decoy,,,,,,,false,1,
char_deedoo,Deedoo,,,,,,,false,1,
char_deemon,Deemon,,,,,,,false,1,
char_delandir,Delandir,,,,,,,false,1,
char_delegat,Delegat,,,,,,,false,1,
char_delfi,Delfi,,,,,,,false,1,
char_delicate,Delicate,,,,,,,false,1,
char_dell,Dell,,,,,,,false,1,
char_dement,Dement,,,,,,,false,1,
char_demsie,Demsie,,,,,,,false,1,
char_deor,Deor,,,,,,,false,1,
char_deris,Deris,,,,,,,false,1,
char_desastre,Desastre,,,,,,,false,1,
char_devastator,Devastator,Mountain Troll,Softskin,9,Retired,,,true,1,whois descriptor=a level nine Mountain Troll Softskin | whois captured_date=2026-06-07
char_devran,Devran,,,,,,,false,1,
char_dharazor,Dharazor,,,,,,,false,1,
char_diamonium,Diamonium,,,,,,,false,1,
char_dif,Dif,,,,,,,false,1,
char_digital,Digital,,,,,,,false,1,
char_dimmu,Dimmu,,,,,,,false,1,
char_dino,Dino,,,,,,,false,1,
char_disembowel,Disembowel,,,,,,,false,1,
char_dispater,Dispater,,,,,,,false,1,
char_dizz,Dizz,,,,,,,false,1,
char_djinn,Djinn,,,,,,,false,1,
char_dliador,Dliador,,,,,,,false,1,
char_dodge,Dodge,,,,,,,false,1,
char_doh,Doh,,,,,,,false,1,
char_dolengur,Dolengur,,,,,,,false,1,
char_dolik,Dolik,,,,,,,false,1,
char_dombur,Dombur,,,,,,,false,1,
char_domine,Domine,,,,,,,false,1,
char_dominic,Dominic,,,,,,,false,1,
char_done,Done,,,,,,,false,1,
char_donk,Donk,,,,,,,false,1,
char_donovan,Donovan,,,,,,,false,1,
char_donutello,Donutello,,,,,,,false,1,
char_doomer,Doomer,,,,,,,false,1,
char_dorak,Dorak,,,,,,,false,1,
char_doreth,Doreth,,,,,,,false,1,
char_dorfl,Dorfl,,,,,,,false,1,
char_dork,Dork,,,,,,,false,1,
char_dorolff,Dorolff,,,,,,,false,1,
char_draaz,Draaz,,,,,,,false,1,
char_draca,Draca,,,,,,,false,1,
char_draccon,Draccon,,,,,,,false,1,
char_dracolich,Dracolich,,,,,,,false,1,
char_draconis,Draconis,,,,,,,false,1,
char_dracul,Dracul,,,,,,,false,1,
char_dragan,Dragan,,,,,,,false,1,
char_dragg,Dragg,,,,,,,false,1,
char_draggor,Draggor,,,,,,,false,1,
char_draggy,Draggy,,,,,,,false,1,
char_draghkar,Draghkar,,,,,,,false,1,
char_draglador,Draglador,,,,,,,false,1,
char_dragor,Dragor,,,,,,,false,1,
char_dragoth,Dragoth,,,,,,,false,1,
char_dramon,Dramon,,,,,,,false,1,
char_dranj,Dranj,,,,,,,false,1,
char_draupner,Draupner,,,,,,,false,1,
char_drax,Drax,,,,,,,false,1,
char_drayl,Drayl,,,,,,,false,1,
char_drazgan,Drazgan,,,,,,,false,1,
char_dreamweaver,Dreamweaver,,,,,,,false,1,
char_drengist,Drengist,,,,,,,false,1,
char_drenical,Drenical,,,,,,,false,1,
char_dreth,Dreth,,,,,,,false,1,
char_drijian,Drijian,,,,,,,false,1,
char_drimdul,Drimdul,,,,,,,false,1,
char_drohm,Drohm,,,,,,,false,1,
char_drokk,Drokk,,,,,,,false,1,
char_drow,Drow,,,,,,,false,1,
char_drugar,Drugar,,,,,,,false,1,
char_druin,Druin,,,,,,,false,1,
char_dryg,Dryg,,,,,,,false,1,
char_dugmok,Dugmok,,,,,,,false,1,
char_dunlop,Dunlop,,,,,,,false,1,
char_dural,Dural,,,,,,,false,1,
char_durandir,Durandir,,,,,,,false,1,
char_durcano,Durcano,,,,,,,false,1,
char_duriel,Duriel,,,,,,,false,1,
char_durlak,Durlak,,,,,,,false,1,
char_dushegub,Dushegub,,,,,,,false,1,
char_duvel,Duvel,,,,,,,false,1,
char_dwar,Dwar,,,,,,,false,1,
char_dwimmer,Dwimmer,,,,,,,false,1,
char_dwogin,Dwogin,,,,,,,false,1,
char_dynamit,Dynamit,,,,,,,false,1,
char_eale,Eale,,,,,,,false,1,
char_earand,Earand,,,,,,,false,1,
char_earnur,Earnur,,,,,,,false,1,
char_eawian,Eawian,,,,,,,false,1,
char_echo,Echo,,,,,,,false,1,
char_eckhart,Eckhart,,,,,,,false,1,
char_eder,Eder,,,,,,,false,1,
char_edrahil,Edrahil,,,,,,,false,1,
char_edvard,Edvard,,,,,,,false,1,
char_eggrat,Eggrat,,,,,,,false,1,
char_eggraz,Eggraz,,,,,,,false,1,
char_eher,Eher,,,,,,,false,1,
char_ehhe,Ehhe,,,,,,,false,1,
char_eidolon,Eidolon,,,,,,,false,1,
char_eileen,Eileen,,,,,,,false,1,
char_eirin,Eirin,,,,,,,false,1,
char_eladamri,Eladamri,,,,,,,false,1,
char_elajt,Elajt,,,,,,,false,1,
char_elavar,Elavar,,,,,,,false,1,
char_elaviel,Elaviel,,,,,,,false,1,
char_elayne,Elayne,,,,,,,false,1,
char_eldale,Eldale,,,,,,,false,1,
char_eldan,Eldan,,,,,,,false,1,
char_eldarion,Eldarion,,,,,,,false,1,
char_elden,Elden,,,,,,,false,1,
char_eldrasil,Eldrasil,,,,,,,false,1,
char_eldrenil,Eldrenil,,,,,,,false,1,
char_elebor,Elebor,,,,,,,false,1,
char_elemur,Elemur,,,,,,,false,1,
char_elendur,Elendur,,,,,,,false,1,
char_elenril,Elenril,,,,,,,false,1,
char_elenwe,Elenwe,,,,,,,false,1,
char_elestir,Elestir,,,,,,,false,1,
char_eletherion,Eletherion,,,,,,,false,1,
char_elfwyn,Elfwyn,,,,,,,false,1,
char_elian,Elian,,,,,,,false,1,
char_elirion,Elirion,,,,,,,false,1,
char_elistan,Elistan,,,,,,,false,1,
char_eliwe,Eliwe,,,,,,,false,1,
char_ellara,Ellara,,,,,,,false,1,
char_elle,Elle,,,,,,,false,1,
char_elleth,Elleth,,,,,,,false,1,
char_elmir,Elmir,,,,,,,false,1,
char_elmo,Elmo,,,,,,,false,1,
char_eloin,Eloin,,,,,,,false,1,
char_elrik,Elrik,,,,,,,false,1,
char_elroh,Elroh,,,,,,,false,1,
char_elrun,Elrun,,,,,,,false,1,
char_elsurion,Elsurion,,,,,,,false,1,
char_eluchil,Eluchil,,,,,,,false,1,
char_elumir,Elumir,,,,,,,false,1,
char_emroth,Emroth,,,,,,,false,1,
char_endor,Endor,,,,,,,false,1,
char_endur,Endur,,,,,,,false,1,
char_enforcer,Enforcer,,,,,,,false,1,
char_engelbert,Engelbert,,,,,,,false,1,
char_ennor,Ennor,,,,,,,false,1,
char_enso,Enso,,,,,,,false,1,
char_equinoxe,Equinoxe,,,,,,,false,1,
char_eral,Eral,,,,,,,false,1,
char_erebos,Erebos,,,,,,,false,1,
char_erewiel,Erewiel,,,,,,,false,1,
char_eric,Eric,,,,,,,false,1,
char_erkzup,Erkzup,,,,,,,false,1,
char_ermon,Ermon,,,,,,,false,1,
char_ernst,Ernst,,,,,,,false,1,
char_erowyn,Erowyn,,,,,,,false,1,
char_erudhil,Erudhil,,,,,,,false,1,
char_escape,Escape,,,,,,,false,1,
char_estel,Estel,,,,,,,false,1,
char_eternal,Eternal,,,,,,,false,1,
char_ethar,Ethar,,,,,,,false,1,
char_ethne,Ethne,,,,,,,false,1,
char_eto,Eto,,,,,,,false,1,
char_etopal,Etopal,,,,,,,false,1,
char_evandaar,Evandaar,,,,,,,false,1,
char_everhate,Everhate,,,,,,,false,1,
char_exiled,Exiled,,,,,,,false,1,
char_fable,Fable,,,,,,,false,1,
char_faelandir,Faelandir,,,,,,,false,1,
char_fahil,Fahil,,,,,,,false,1,
char_faint,Faint,,,,,,,false,1,
char_fairy,Fairy,,,,,,,false,1,
char_falanor,Falanor,,,,,,,false,1,
char_falathrim,Falathrim,,,,,,,false,1,
char_faldir,Faldir,,,,,,,false,1,
char_falemir,Falemir,,,,,,,false,1,
char_falenor,Falenor,,,,,,,false,1,
char_famas,Famas,,,,,,,false,1,
char_famine,Famine,,,,,,,false,1,
char_fankil,Fankil,,,,,,,false,1,
char_faradoc,Faradoc,,,,,,,false,1,
char_faramin,Faramin,,,,,,,false,1,
char_fardin,Fardin,,,,,,,false,1,
char_farin,Farin,,,,,,,false,1,
char_farion,Farion,,,,,,,false,1,
char_feagil,Feagil,,,,,,,false,1,
char_feagor,Feagor,,,,,,,false,1,
char_feagwath,Feagwath,,,,,,,false,1,
char_feanor,Feanor,,,,,,,false,1,
char_fear,Fear,,,,,,,false,1,
char_fearan,Fearan,,,,,,,false,1,
char_fearendil,Fearendil,,,,,,,false,1,
char_fearless,Fearless,,,,,,,false,1,
char_fearsome,Fearsome,,,,,,,false,1,
char_fenir,Fenir,,,,,,,false,1,
char_feon,Feon,,,,,,,false,1,
char_feorwyn,Feorwyn,,,,,,,false,1,
char_feriand,Feriand,,,,,,,false,1,
char_fero,Fero,,,,,,,false,1,
char_ferska,Ferska,,,,,,,false,1,
char_fiend,Fiend,,,,,,,false,1,
char_fierce,Fierce,,,,,,,false,1,
char_filia,Filia,,,,,,,false,1,
char_filibert,Filibert,,,,,,,false,1,
char_filth,Filth,,,,,,,false,1,
char_finadriel,Finadriel,,,,,,,false,1,
char_findo,Findo,,,,,,,false,1,
char_finduilas,Finduilas,,,,,,,false,1,
char_fingeror,Fingeror,,,,,,,false,1,
char_fiolas,Fiolas,,,,,,,false,1,
char_firewalker,Firewalker,,,,,,,false,1,
char_fisben,Fisben,,,,,,,false,1,
char_flanker,Flanker,,,,,,,false,1,
char_floi,Floi,,,,,,,false,1,
char_foad,Foad,,,,,,,false,1,
char_folko,Folko,,,,,,,false,1,
char_fong,Fong,,,,,,,false,1,
char_forin,Forin,,,,,,,false,1,
char_forrest,Forrest,,,,,,,false,1,
char_fortran,Fortran,,,,,,,false,1,
char_forve,Forve,,,,,,,false,1,
char_fragir,Fragir,,,,,,,false,1,
char_francis,Francis,,,,,,,false,1,
char_fredde,Fredde,,,,,,,false,1,
char_freight,Freight,,,,,,,false,1,
char_friar,Friar,,,,,,,false,1,
char_frink,Frink,,,,,,,false,1,
char_friso,Friso,,,,,,,false,1,
char_frukghash,Frukghash,,,,,,,false,1,
char_fubar,Fubar,,,,,,,false,1,
char_fui,Fui,,,,,,,false,1,
char_fuor,Fuor,,,,,,,false,1,
char_furfoot,Furfoot,,,,,,,false,1,
char_gabil,Gabil,,,,,,,false,1,
char_gad,Gad,,,,,,,false,1,
char_gadmac,Gadmac,,,,,,,false,1,
char_gage,Gage,,,,,,,false,1,
char_galadon,Galadon,,,,,,,false,1,
char_galerech,Galerech,,,,,,,false,1,
char_galowyn,Galowyn,,,,,,,false,1,
char_galurin,Galurin,,,,,,,false,1,
char_gamak,Gamak,,,,,,,false,1,
char_gamli,Gamli,,,,,,,false,1,
char_gamram,Gamram,,,,,,,false,1,
char_garkan,Garkan,,,,,,,false,1,
char_gattling,Gattling,,,,,,,false,1,
char_gauldoth,Gauldoth,,,,,,,false,1,
char_gaurhir,Gaurhir,,,,,,,false,1,
char_gaurog,Gaurog,,,,,,,false,1,
char_gauruk,Gauruk,,,,,,,false,1,
char_gaylord,Gaylord,,,,,,,false,1,
char_gazel,Gazel,,,,,,,false,1,
char_geirrodr,Geirrodr,,,,,,,false,1,
char_gelion,Gelion,,,,,,,false,1,
char_gena,Gena,,,,,,,false,1,
char_gereb,Gereb,,,,,,,false,1,
char_geri,Geri,,,,,,,false,1,
char_ghostly,Ghostly,,,,,,,false,1,
char_ghourne,Ghourne,,,,,,,false,1,
char_gilcon,Gilcon,,,,,,,false,1,
char_gildur,Gildur,,,,,,,false,1,
char_gilmandir,Gilmandir,,,,,,,false,1,
char_gilmas,Gilmas,,,,,,,false,1,
char_gilror,Gilror,,,,,,,false,1,
char_gimilzor,Gimilzor,,,,,,,false,1,
char_gimlung,Gimlung,,,,,,,false,1,
char_ginlon,Ginlon,,,,,,,false,1,
char_giralion,Giralion,,,,,,,false,1,
char_girando,Girando,,,,,,,false,1,
char_girithol,Girithol,,,,,,,false,1,
char_glabthrak,Glabthrak,,,,,,,false,1,
char_glabur,Glabur,,,,,,,false,1,
char_glader,Glader,,,,,,,false,1,
char_gladush,Gladush,,,,,,,false,1,
char_glamduril,Glamduril,,,,,,,false,1,
char_glaran,Glaran,,,,,,,false,1,
char_glaref,Glaref,,,,,,,false,1,
char_glebus,Glebus,,,,,,,false,1,
char_glendale,Glendale,,,,,,,false,1,
char_glenn,Glenn,,,,,,,false,1,
char_glithraril,Glithraril,,,,,,,false,1,
char_globur,Globur,,,,,,,false,1,
char_gloha,Gloha,,,,,,,false,1,
char_glubur,Glubur,,,,,,,false,1,
char_gobakapp,Gobakapp,,,,,,,false,1,
char_gobbler,Gobbler,,,,,,,false,1,
char_goldor,Goldor,,,,,,,false,1,
char_goliat,Goliat,,,,,,,false,1,
char_gomen,Gomen,,,,,,,false,1,
char_gondgurth,Gondgurth,,,,,,,false,1,
char_goretongue,Goretongue,,,,,,,false,1,
char_gorlach,Gorlach,,,,,,,false,1,
char_gorshak,Gorshak,,,,,,,false,1,
char_gothia,Gothia,,,,,,,false,1,
char_gothmog,Gothmog,,,,,,,false,1,
char_grab,Grab,,,,,,,false,1,
char_gradash,Gradash,,,,,,,false,1,
char_grak,Grak,,,,,,,false,1,
char_grakk,Grakk,,,,,,,false,1,
char_grand,Grand,,,,,,,false,1,
char_grang,Grang,,,,,,,false,1,
char_granite,Granite,,,,,,,false,1,
char_granvil,Granvil,,,,,,,false,1,
char_grashnak,Grashnak,,,,,,,false,1,
char_graugh,Graugh,,,,,,,false,1,
char_gray,Gray,Noldorin,Wizard,50,,2006-01-26,2006-01-26,true,1,"whois display_name=Gray the Expert | whois epithet_or_title=the Expert | whois descriptor=a level fifty Noldorin Wizard | Last login 20 years, 4 months, and 12 days ago from [numerical address]. | whois captured_date=2026-06-07"
char_greed,Greed,,,,,,,false,1,
char_greoldreth,Greoldreth,,,,,,,false,1,
char_grez,Grez,,,,,,,false,1,
char_gringo,Gringo,,,,,,,false,1,
char_grino,Grino,Black Númenórean,,,Retired,,,true,1,whois display_name=Grino Grins | whois epithet_or_title=Grins | whois descriptor=a Black Númenórean | whois captured_date=2026-06-07
char_gris,Gris,,,,,,,false,1,
char_grishelda,Grishelda,,,,,,,false,1,
char_grishnak_shag,Grishnak(Shag),,,,,,,false,1,
char_grishtar,Grishtar,,,,,,,false,1,
char_grok,Grok,,,,,,,false,1,
char_grom,Grom,,,,,,,false,1,
char_gromk,Gromk,,,,,,,false,1,
char_grukh,Grukh,,,,,,,false,1,
char_grul,Grul,,,,,,,false,1,
char_grume,Grume,,,,,,,false,1,
char_grumph,Grumph,,,,,,,false,1,
char_grunganator,Grunganator,,,,,,,false,1,
char_grunge,Grunge,,,,,,,false,1,
char_gruuk,Gruuk,,,,,,,false,1,
char_gruumsh,Gruumsh,,,,,,,false,1,
char_grymsh,Grymsh,,,,,,,false,1,
char_grytash,Grytash,,,,,,,false,1,
char_grythar,Grythar,,,,,,,false,1,
char_guglunk,Guglunk,,,,,,,false,1,
char_guido,Guido,,,,,,,false,1,
char_gulag,Gulag,,,,,,,false,1,
char_gundor,Gundor,,,,,,,false,1,
char_gurgel,Gurgel,,,,,,,false,1,
char_guthol,Guthol,,,,,,,false,1,
char_gwira,Gwira,,,,,,,false,1,
char_haazheel,Haazheel,,,,,,,false,1,
char_hairfoot,Hairfoot,,,,,,,false,1,
char_haisam,Haisam,,,,,,,false,1,
char_haista,Haista,,,,,,,false,1,
char_haity,Haity,,,,,,,false,1,
char_haladdin,Haladdin,,,,,,,false,1,
char_halas,Halas,,,,,,,false,1,
char_haldor,Haldor,,,,,,,false,1,
char_halir,Halir,,,,,,,false,1,
char_hamfist,Hamfist,,,,,,,false,1,
char_hamlas,Hamlas,,,,,,,false,1,
char_hannibal,Hannibal,,,,,,,false,1,
char_hanr,Hanr,,,,,,,false,1,
char_harakiri,Harakiri,,,,,,,false,1,
char_hark,Hark,,,,,,,false,1,
char_harowen,Harowen,,,,,,,false,1,
char_hashtak,Hashtak,,,,,,,false,1,
char_hasta,Hasta,,,,,,,false,1,
char_hatch,Hatch,,,,,,,false,1,
char_hate,Hate,,,,,,,false,1,
char_hated,Hated,,,,,,,false,1,
char_hatred,Hatred,,,,,,,false,1,
char_hazel,Hazel,,,,,,,false,1,
char_healer,Healer,,,,,,,false,1,
char_healy,Healy,,,,,,,false,1,
char_heather,Heather,,,,,,,false,1,
char_heldo,Heldo,,,,,,,false,1,
char_hele,Hele,,,,,,,false,1,
char_helga,Helga,,,,,,,false,1,
char_helios,Helios,,,,,,,false,1,
char_henduil,Henduil,,,,,,,false,1,
char_hercule,Hercule,,,,,,,false,1,
char_herman,Herman,,,,,,,false,1,
char_herold,Herold,,,,,,,false,1,
char_hex,Hex,,,,,,,false,1,
char_hobit,Hobit,,,,,,,false,1,
char_hoeth,Hoeth,,,,,,,false,1,
char_hoho,Hoho,,,,,,,false,1,
char_holg,Holg,,,,,,,false,1,
char_holy,Holy,,,,,,,false,1,
char_horgy,Horgy,,,,,,,false,1,
char_horstats,Horstats,,,,,,,false,1,
char_horus,Horus,,,,,,,false,1,
char_hovado,Hovado,,,,,,,false,1,
char_hrive,Hrive,,,,,,,false,1,
char_hrolth,Hrolth,,,,,,,false,1,
char_hrothgar,Hrothgar,,,,,,,false,1,
char_hrym,Hrym,,,,,,,false,1,
char_hudson,Hudson,,,,,,,false,1,
char_hugo,Hugo,,,,,,,false,1,
char_huher,Huher,,,,,,,false,1,
char_hukor,Hukor,,,,,,,false,1,
char_hunchback,Hunchback,,,,,,,false,1,
char_hurar,Hurar,,,,,,,false,1,
char_hwarang,Hwarang,,,,,,,false,1,
char_hwoarang,Hwoarang,,,,,,,false,1,
char_hybrid,Hybrid,,,,,,,false,1,
char_hyung,Hyung,,,,,,,false,1,
char_hyurk,Hyurk,,,,,,,false,1,
char_ibis,Ibis,,,,,,,false,1,
char_iblis,Iblis,,,,,,,false,1,
char_ibrahim,Ibrahim,,,,,,,false,1,
char_ickabod,Ickabod,,,,,,,false,1,
char_idun,Idun,,,,,,,false,1,
char_ieras,Ieras,,,,,,,false,1,
char_ike,Ike,,,,,,,false,1,
char_ilgamar,Ilgamar,,,,,,,false,1,
char_iljrure,Iljrure,,,,,,,false,1,
char_illusia,Illusia,,,,,,,false,1,
char_illyas,Illyas,,,,,,,false,1,
char_ilmacil,Ilmacil,,,,,,,false,1,
char_ilmarin,Ilmarin,,,,,,,false,1,
char_imlach,Imlach,,,,,,,false,1,
char_imlis,Imlis,,,,,,,false,1,
char_implithura,Implithura,,,,,,,false,1,
char_imrazor,Imrazor,,,,,,,false,1,
char_indra,Indra,,,,,,,false,1,
char_ingold,Ingold,,,,,,,false,1,
char_ingwe,Ingwe,,,,,,,false,1,
char_innuendo,Innuendo,,,,,,,false,1,
char_insane,Insane,,,,,,,false,1,
char_inziladun,Inziladun,,,,,,,false,1,
char_iolo,Iolo,,,,,,,false,1,
char_ior,Ior,,,,,,,false,1,
char_iorlas,Iorlas,,,,,,,false,1,
char_iranon,Iranon,,,,,,,false,1,
char_irogla,Irogla,,,,,,,false,1,
char_irv,Irv,,,,,,,false,1,
char_ishant,Ishant,,,,,,,false,1,
char_isolde,Isolde,,,,,,,false,1,
char_itallicus,Itallicus,,,,,,,false,1,
char_ithilagos,Ithilagos,,,,,,,false,1,
char_ithy,Ithy,,,,,,,false,1,
char_itil,Itil,,,,,,,false,1,
char_ivanushka,Ivanushka,,,,,,,false,1,
char_iwain,Iwain,,,,,,,false,1,
char_iyachtu,Iyachtu,,,,,,,false,1,
char_jaagern,Jaagern,,,,,,,false,1,
char_jabba,Jabba,,,,,,,false,1,
char_jadon,Jadon,,,,,,,false,1,
char_jamie,Jamie,,,,,,,false,1,
char_jandor,Jandor,,,,,,,false,1,
char_janosh,Janosh,,,,,,,false,1,
char_jarhala,Jarhala,,,,,,,false,1,
char_jarlaxle,Jarlaxle,,,,,,,false,1,
char_jaron,Jaron,,,,,,,false,1,
char_jatte,Jatte,,,,,,,false,1,
char_jauer,Jauer,,,,,,,false,1,
char_jaws,Jaws,,,,,,,false,1,
char_jeakoth,Jeakoth,,,,,,,false,1,
char_jeffbob,Jeffbob,,,,,,,false,1,
char_jelly,Jelly,,,,,,,false,1,
char_jensu,Jensu,,,,,,,false,1,
char_jeran,Jeran,,,,,,,false,1,
char_jerle,Jerle,,,,,,,false,1,
char_jerpa,Jerpa,,,,,,,false,1,
char_jheran,Jheran,,,,,,,false,1,
char_jimbo,Jimbo,,,,,,,false,1,
char_joan,Joan,,,,,,,false,1,
char_johannes,Johannes,,,,,,,false,1,
char_johhaidii,Johhaidii,,,,,,,false,1,
char_johnie,Johnie,,,,,,,false,1,
char_joker,Joker,,,,,,,false,1,
char_jon,Jon,,,,,,,false,1,
char_jones,Jones,,,,,,,false,1,
char_joponen,Joponen,,,,,,,false,1,
char_jube,Jube,,,,,,,false,1,
char_juggles,Juggles,,,,,,,false,1,
char_junbao,Junbao,,,,,,,false,1,
char_juss,Juss,,,,,,,false,1,
char_kade,Kade,,,,,,,false,1,
char_kakarot,Kakarot,,,,,,,false,1,
char_kalevala,Kalevala,,,,,,,false,1,
char_kalkano,Kalkano,,,,,,,false,1,
char_kalus,Kalus,,,,,,,false,1,
char_kami,Kami,,,,,,,false,1,
char_kamikaze,Kamikaze,,,,,,,false,1,
char_kamlakh,Kamlakh,,,,,,,false,1,
char_kaool,Kaool,,,,,,,false,1,
char_kardagash,Kardagash,,,,,,,false,1,
char_karelin,Karelin,,,,,,,false,1,
char_kasach,Kasach,,,,,,,false,1,
char_kassler,Kassler,,,,,,,false,1,
char_kazadoe,Kazadoe,,,,,,,false,1,
char_kazan,Kazan,,,,,,,false,1,
char_kazeena,Kazeena,,,,,,,false,1,
char_kazzey,Kazzey,,,,,,,false,1,
char_keldorn,Keldorn,,,,,,,false,1,
char_keno,Keno,,,,,,,false,1,
char_kenzu,Kenzu,,,,,,,false,1,
char_kess,Kess,,,,,,,false,1,
char_kessfare,Kessfare,,,,,,,false,1,
char_kesslar,Kesslar,,,,,,,false,1,
char_kesslik,Kesslik,,,,,,,false,1,
char_kesslin,Kesslin,,,,,,,false,1,
char_kessloth,Kessloth,,,,,,,false,1,
char_kesstor,Kesstor,,,,,,,false,1,
char_kestrel,Kestrel,,,,,,,false,1,
char_khad,Khad,,,,,,,false,1,
char_khadum,Khadum,,,,,,,false,1,
char_khakis,Khakis,,,,,,,false,1,
char_khamasin,Khamasin,,,,,,,false,1,
char_khamil,Khamil,,,,,,,false,1,
char_khandar,Khandar,,,,,,,false,1,
char_kharas,Kharas,,,,,,,false,1,
char_khawin,Khawin,,,,,,,false,1,
char_khazdul,Khazdul,,,,,,,false,1,
char_khelben,Khelben,,,,,,,false,1,
char_khelek,Khelek,,,,,,,false,1,
char_khim,Khim,,,,,,,false,1,
char_khird,Khird,,,,,,,false,1,
char_khodum,Khodum,,,,,,,false,1,
char_khozdul,Khozdul,,,,,,,false,1,
char_khreth,Khreth,,,,,,,false,1,
char_khuka,Khuka,,,,,,,false,1,
char_khzandros,Khzandros,,,,,,,false,1,
char_kiki,Kiki,,,,,,,false,1,
char_kilimanjaro,Kilimanjaro,,,,,,,false,1,
char_kilin,Kilin,,,,,,,false,1,
char_killdare,Killdare,,,,,,,false,1,
char_kingpool,Kingpool,,,,,,,false,1,
char_kinson,Kinson,,,,,,,false,1,
char_kiska,Kiska,,,,,,,false,1,
char_kitto,Kitto,,,,,,,false,1,
char_kloker,Kloker,,,,,,,false,1,
char_knold,Knold,,,,,,,false,1,
char_kobold,Kobold,,,,,,,false,1,
char_kocano,Kocano,,,,,,,false,1,
char_kochurma,Kochurma,,,,,,,false,1,
char_koer,Koer,,,,,,,false,1,
char_koff,Koff,,,,,,,false,1,
char_kogan,Kogan,,,,,,,false,1,
char_korax,Korax,,,,,,,false,1,
char_korek,Korek,,,,,,,false,1,
char_korf,Korf,,,,,,,false,1,
char_korin,Korin,,,,,,,false,1,
char_kostej,Kostej,,,,,,,false,1,
char_kotta,Kotta,,,,,,,false,1,
char_kovie,Kovie,,,,,,,false,1,
char_koza,Koza,,,,,,,false,1,
char_kozel,Kozel,,,,,,,false,1,
char_kraal,Kraal,,,,,,,false,1,
char_krax,Krax,,,,,,,false,1,
char_kreil,Kreil,,,,,,,false,1,
char_krkavec,Krkavec,,,,,,,false,1,
char_kroom,Kroom,,,,,,,false,1,
char_krossen,Krossen,,,,,,,false,1,
char_krubb,Krubb,,,,,,,false,1,
char_kuku,Kuku,,,,,,,false,1,
char_kulgan,Kulgan,,,,,,,false,1,
char_kunduk,Kunduk,,,,,,,false,1,
char_kurast,Kurast,,,,,,,false,1,
char_kurdran,Kurdran,,,,,,,false,1,
char_kurva,Kurva,,,,,,,false,1,
char_kviea,Kviea,,,,,,,false,1,
char_kylm,Kylm,,,,,,,false,1,
char_labero,Labero,Black Númenórean,Sage,41,Retired,,,true,1,whois display_name=Labero the Mad | whois epithet_or_title=the Mad | whois descriptor=a level forty-one Black Númenórean Sage | whois captured_date=2026-06-07
char_lada,Lada,,,,,,,false,1,
char_lairathim,Lairathim,,,,,,,false,1,
char_lakh,Lakh,,,,,,,false,1,
char_lakon,Lakon,,,,,,,false,1,
char_lalloree,Lalloree,,,,,,,false,1,
char_lalok,Lalok,,,,,,,false,1,
char_lammas,Lammas,,,,,,,false,1,
char_lammoth,Lammoth,,,,,,,false,1,
char_lana,Lana,,,,,,,false,1,
char_lancelot,Lancelot,,,,,,,false,1,
char_langolier,Langolier,,,,,,,false,1,
char_lasombra,Lasombra,,,,,,,false,1,
char_lathos,Lathos,,,,,,,false,1,
char_laurelin,Laurelin,,,,,,,false,1,
char_lavendel,Lavendel,,,,,,,false,1,
char_lazy,Lazy,,,,,,,false,1,
char_leagel,Leagel,,,,,,,false,1,
char_leave,Leave,,,,,,,false,1,
char_lefali,Lefali,,,,,,,false,1,
char_leffe,Leffe,,,,,,,false,1,
char_legion,Legion,,,,,,,false,1,
char_lehto,Lehto,,,,,,,false,1,
char_lei,Lei,,,,,,,false,1,
char_lenwe,Lenwe,,,,,,,false,1,
char_lepra,Lepra,,,,,,,false,1,
char_lerian,Lerian,,,,,,,false,1,
char_liart,Liart,,,,,,,false,1,
char_libresse,Libresse,,,,,,,false,1,
char_lief,Lief,,,,,,,false,1,
char_liliah,Liliah,,,,,,,false,1,
char_lilladde,Lilladde,,,,,,,false,1,
char_lillian,Lillian,,,,,,,false,1,
char_lilljempa,Lilljempa,,,,,,,false,1,
char_lillmarre,Lillmarre,,,,,,,false,1,
char_lina,Lina,,,,,,,false,1,
char_linar,Linar,,,,,,,false,1,
char_linara,Linara,,,,,,,false,1,
char_ling,Ling,,,,,,,false,1,
char_lirathe,Lirathe,,,,,,,false,1,
char_lisp,Lisp,,,,,,,false,1,
char_liten,Liten,,,,,,,false,1,
char_litovel,Litovel,,,,,,,false,1,
char_llort,Llort,,,,,,,false,1,
char_lochdale,Lochdale,,,,,,,false,1,
char_lokomotiva,Lokomotiva,,,,,,,false,1,
char_lol,Lol,,,,,,,false,1,
char_lombur,Lombur,,,,,,,false,1,
char_lomek,Lomek,,,,,,,false,1,
char_lorduk,Lorduk,,,,,,,false,1,
char_lore,Lore,,,,,,,false,1,
char_lote,Lote,,,,,,,false,1,
char_lothar,Lothar,,,,,,,false,1,
char_lotheila,Lotheila,,,,,,,false,1,
char_lothlahn,Lothlahn,,,,,,,false,1,
char_lothlori,Lothlori,,,,,,,false,1,
char_lowanda,Lowanda,,,,,,,false,1,
char_lowyn,Lowyn,,,,,,,false,1,
char_luber,Luber,,,,,,,false,1,
char_luckless,Luckless,,,,,,,false,1,
char_luingil,Luingil,,,,,,,false,1,
char_luke,Luke,,,,,,,false,1,
char_lurken,Lurken,,,,,,,false,1,
char_lutien,Lutien,,,,,,,false,1,
char_luvette,Luvette,,,,,,,false,1,
char_maal,Maal,,,,,,,false,1,
char_mabel,Mabel,,,,,,,false,1,
char_macke,Macke,,,,,,,false,1,
char_macros,Macros,,,,,,,false,1,
char_madcat,Madcat,,,,,,,false,1,
char_maeglor,Maeglor,,,,,,,false,1,
char_maegnas,Maegnas,,,,,,,false,1,
char_magi,Magi,,,,,,,false,1,
char_magica,Magica,,,,,,,false,1,
char_maglor,Maglor,,,,,,,false,1,
char_magnolia,Magnolia,,,,,,,false,1,
char_mahyr,Mahyr,,,,,,,false,1,
char_malach,Malach,,,,,,,false,1,
char_malak,Malak,,,,,,,false,1,
char_malus,Malus,,,,,,,false,1,
char_malysh,Malysh,,,,,,,false,1,
char_mammoth,Mammoth,,,,,,,false,1,
char_mamut,Mamut,,,,,,,false,1,
char_mamutice,Mamutice,,,,,,,false,1,
char_manaja,Manaja,,,,,,,false,1,
char_manatark,Manatark,,,,,,,false,1,
char_manic,Manic,,,,,,,false,1,
char_manne,Manne,,,,,,,false,1,
char_marhault,Marhault,,,,,,,false,1,
char_marillion,Marillion,,,,,,,false,1,
char_marko,Marko,,,,,,,false,1,
char_marras,Marras,,,,,,,false,1,
char_marre,Marre,,,,,,,false,1,
char_marroc,Marroc,,,,,,,false,1,
char_martijn,Martijn,,,,,,,false,1,
char_mastah,Mastah,,,,,,,false,1,
char_mato,Mato,,,,,,,false,1,
char_mauna,Mauna,,,,,,,false,1,
char_maverick,Maverick,,,,,,,false,1,
char_mazai,Mazai,,,,,,,false,1,
char_mazrim,Mazrim,,,,,,,false,2,
char_mazza,Mazza,,,,,,,false,1,
char_mecra,Mecra,,,,,,,false,1,
char_meeka,Meeka,,,,,,,false,1,
char_mehter,Mehter,,,,,,,false,1,
char_mekul,Mekul,,,,,,,false,1,
char_melanchre,Melanchre,,,,,,,false,1,
char_melinda,Melinda,,,,,,,false,1,
char_meliza,Meliza,,,,,,,false,1,
char_meneldur,Meneldur,,,,,,,false,1,
char_mengaz,Mengaz,,,,,,,false,1,
char_mephistofel,Mephistofel,,,,,,,false,1,
char_mercurius,Mercurius,,,,,,,false,1,
char_meriadoc,Meriadoc,,,,,,,false,1,
char_meril,Meril,,,,,,,false,1,
char_merimac,Merimac,,,,,,,false,1,
char_merlin,Merlin,,,,,,,false,1,
char_merlyn,Merlyn,,,,,,,false,1,
char_mess,Mess,,,,,,,false,1,
char_mestan,Mestan,,,,,,,false,1,
char_meteor,Meteor,,,,,,,false,1,
char_mhur,Mhur,,,,,,,false,1,
char_mikala,Mikala,,,,,,,false,1,
char_mikke,Mikke,,,,,,,false,1,
char_miko,Miko,,,,,,,false,1,
char_milena,Milena,,,,,,,false,1,
char_miler,Miler,,,,,,,false,1,
char_millen,Millen,,,,,,,false,1,
char_milzok,Milzok,,,,,,,false,1,
char_minastir,Minastir,,,,,,,false,1,
char_minos,Minos,,,,,,,false,1,
char_minuial,Minuial,,,,,,,false,1,
char_miriamele,Miriamele,,,,,,,false,1,
char_miser,Miser,,,,,,,false,1,
char_misery,Misery,,,,,,,false,1,
char_mishrak,Mishrak,,,,,,,false,1,
char_mitch,Mitch,,,,,,,false,1,
char_mithrellas,Mithrellas,,,,,,,false,1,
char_miyahk,Miyahk,,,,,,,false,1,
char_moandor,Moandor,,,,,,,false,1,
char_moby,Moby,,,,,,,false,1,
char_mochomurka,Mochomurka,Black Númenórean,Warlock,48,,,,true,1,whois display_name=Mochomurka Ukrutny | whois epithet_or_title=Ukrutny | whois descriptor=a level forty-eight Black Númenórean Warlock | whois captured_date=2026-06-07
char_moci,Moci,,,,,,,false,1,
char_mogshak,Mogshak,,,,,,,false,1,
char_mojo,Mojo,,,,,,,false,1,
char_molak,Molak,,,,,,,false,1,
char_moloko,Moloko,,,,,,,false,1,
char_molor,Molor,,,,,,,false,1,
char_monet,Monet,,,,,,,false,1,
char_monster,Monster,,,,,,,false,1,
char_moonglum,Moonglum,,,,,,,false,1,
char_moonparent,Moonparent,,,,,,,false,1,
char_moonshade,Moonshade,,,,,,,false,1,
char_moortek,Moortek,,,,,,,false,1,
char_morannon,Morannon,,,,,,,false,1,
char_morbet,Morbet,,,,,,,false,1,
char_morbid,Morbid,,,,,,,false,1,
char_mordak,Mordak,,,,,,,false,1,
char_morfizm,Morfizm,,,,,,,false,1,
char_morgil,Morgil,,,,,,,false,1,
char_morgulduin,Morgulduin,,,,,,,false,1,
char_morholt,Morholt,,,,,,,false,1,
char_morholth,Morholth,,,,,,,false,1,
char_morog,Morog,,,,,,,false,1,
char_moroz,Moroz,,,,,,,false,1,
char_morphine,Morphine,,,,,,,false,1,
char_mors,Mors,,,,,,,false,1,
char_morthe,Morthe,,,,,,,false,1,
char_morticus,Morticus,,,,,,,false,1,
char_mortie,Mortie,,,,,,,false,1,
char_mortis,Mortis,,,,,,,false,1,
char_mortti,Mortti,,,,,,,false,1,
char_mosaren,Mosaren,,,,,,,false,1,
char_mosco,Mosco,,,,,,,false,1,
char_mouthofsauron,MouthOfSauron,,,,,,,false,1,
char_movin,Movin,,,,,,,false,1,
char_mrazik,Mrazik,,,,,,,false,1,
char_mrsh,Mrsh,,,,,,,false,1,
char_mrsina,Mrsina,,,,,,,false,1,
char_mruah,Mruah,,,,,,,false,1,
char_mrwhite,Mrwhite,,,,,,,false,1,
char_much,Much,,,,,,,false,1,
char_muck,Muck,,,,,,,false,1,
char_mugorad,Mugorad,,,,,,,false,1,
char_muhugar,Muhugar,,,,,,,false,1,
char_muhv,Muhv,,,,,,,false,1,
char_mukami,Mukami,,,,,,,false,1,
char_mulgrim,Mulgrim,,,,,,,false,1,
char_mumma,Mumma,,,,,,,false,1,
char_mummo,Mummo,,,,,,,false,1,
char_murdress,Murdress,,,,,,,false,1,
char_murghaz,Murghaz,,,,,,,false,1,
char_murumutt,Murumutt,,,,,,,false,1,
char_murzilka,Murzilka,,,,,,,false,1,
char_mylene,Mylene,,,,,,,false,1,
char_myth,Myth,,,,,,,false,1,
char_nacs,Nacs,,,,,,,false,1,
char_naed,Naed,,,,,,,false,1,
char_naga,Naga,,,,,,,false,1,
char_naghar,Naghar,,,,,,,false,1,
char_nagoroth,Nagoroth,,,,,,,false,1,
char_nain,Nain,,,,,,,false,1,
char_naksitrall,Naksitrall,,,,,,,false,1,
char_naksur,Naksur,,,,,,,false,1,
char_naldor,Naldor,,,,,,,false,1,
char_nali,Nali,,,,,,,false,1,
char_namo,Namo,,,,,,,false,1,
char_naomi,Naomi,,,,,,,false,1,
char_nardhal,Nardhal,,,,,,,false,1,
char_naredhel,Naredhel,,,,,,,false,1,
char_narf,Narf,,,,,,,false,1,
char_nari,Nari,,,,,,,false,1,
char_naroc,Naroc,,,,,,,false,1,
char_narttu,Narttu,,,,,,,false,1,
char_nat,Nat,,,,,,,false,1,
char_natash,Natash,,,,,,,false,1,
char_nazalbeth,Nazalbeth,,,,,,,false,1,
char_nazghol,Nazghol,,,,,,,false,1,
char_nazghul,Nazghul,,,,,,,false,1,
char_nazgoroth,Nazgoroth,,,,,,,false,1,
char_nazgum,Nazgum,,,,,,,false,1,
char_nazkuk,Nazkuk,,,,,,,false,1,
char_nele,Nele,,,,,,,false,1,
char_nemil,Nemil,,,,,,,false,1,
char_neo,Neo,,,,,,,false,1,
char_nerf,Nerf,,,,,,,false,1,
char_nestha,Nestha,,,,,,,false,1,
char_neverborn,Neverborn,,,,,,,false,1,
char_newmie,Newmie,,,,,,,false,1,
char_neziel,Neziel,,,,,,,false,1,
char_nibble,Nibble,,,,,,,false,1,
char_niflam,Niflam,,,,,,,false,1,
char_nigal,Nigal,,,,,,,false,1,
char_nighthawk,Nighthawk,,,,,,,false,1,
char_nightwolf,Nightwolf,,,,,,,false,1,
char_niilit,Niilit,,,,,,,false,1,
char_nimir,Nimir,,,,,,,false,1,
char_nimraphel,Nimraphel,,,,,,,false,1,
char_nimroth,Nimroth,,,,,,,false,1,
char_nithr,Nithr,,,,,,,false,1,
char_nogir,Nogir,,,,,,,false,1,
char_nogon,Nogon,,,,,,,false,1,
char_nomad,Nomad,,,,,,,false,1,
char_nooka,Nooka,,,,,,,false,1,
char_norrland,Norrland,,,,,,,false,1,
char_norsu,Norsu,Tarkhnarb,Champion,100,Retired,,,true,1,whois display_name=Norsu has left the building | whois epithet_or_title=has left the building | whois descriptor=a level one hundred Tarkhnarb Champion | whois captured_date=2026-06-07
char_nothing,Nothing,,,,,,,false,1,
char_notorga,Notorga,,,,,,,false,1,
char_nowyr,Nowyr,,,,,,,false,1,
char_nuri,Nuri,,,,,,,false,1,
char_nushenak,Nushenak,,,,,,,false,1,
char_nuzo,Nuzo,,,,,,,false,1,
char_occult,Occult,,,,,,,false,1,
char_oceanborn,Oceanborn,,,,,,,false,1,
char_ochra,Ochra,,,,,,,false,1,
char_octavian,Octavian,,,,,,,false,1,
char_odamees,Odamees,,,,,,,false,1,
char_odium,Odium,,,,,,,false,1,
char_oggy,Oggy,,,,,,,false,1,
char_oguga,Oguga,,,,,,,false,1,
char_ogyf,Ogyf,,,,,,,false,1,
char_ohthepain,OhThePain,,,,,,,false,1,
char_oiri,Oiri,,,,,,,false,1,
char_olevipoeg,Olevipoeg,,,,,,,false,1,
char_olmer,Olmer,,,,,,,false,1,
char_olorion,Olorion,,,,,,,false,1,
char_olos,Olos,,,,,,,false,1,
char_omega,Omega,,,,,,,false,1,
char_omen,Omen,,,,,,,false,1,
char_onatah,Onatah,,,,,,,false,1,
char_onyx,Onyx,,,,,,,false,1,
char_orcbash,Orcbash,,,,,,,false,1,
char_orcobal,Orcobal,,,,,,,false,1,
char_oregon,Oregon,,,,,,,false,1,
char_orf,Orf,,,,,,,false,1,
char_orikas,Orikas,,,,,,,false,1,
char_orkanoid,Orkanoid,Orkish Archer,,26,Retired,,,true,1,"whois display_name=Orkanoid - live fast, die young | whois epithet_or_title=- live fast, die young | whois descriptor=a level twenty-six Orkish Archer | whois captured_date=2026-06-07"
char_orodreth,Orodreth,,,,,,,false,1,
char_oscarmeyer,Oscarmeyer,,,,,,,false,1,
char_osilin,Osilin,,,,,,,false,1,
char_ostravar,Ostravar,,,,,,,false,1,
char_ostu,Ostu,,,,,,,false,1,
char_oualid,Oualid,,,,,,,false,1,
char_ozgun,Ozgun,,,,,,,false,1,
char_ozon,Ozon,,,,,,,false,1,
char_padla,Padla,,,,,,,false,1,
char_pagan,Pagan,,,,,,,false,1,
char_pahan,Pahan,,,,,,,false,1,
char_paka,Paka,,,,,,,false,1,
char_pandion,Pandion,,,,,,,false,1,
char_paque,Paque,,,,,,,false,1,
char_pasta,Pasta,,,,,,,false,1,
char_patty,Patty,,,,,,,false,1,
char_pepa,Pepa,,,,,,,false,1,
char_perago,Perago,,,,,,,false,1,
char_perl,Perl,,,,,,,false,1,
char_perun,Perun,,,,,,,false,1,
char_pestilence,Pestilence,,,,,,,false,1,
char_petrus,Petrus,,,,,,,false,1,
char_pheare,Pheare,,,,,,,false,1,
char_photon,Photon,,,,,,,false,1,
char_piastr,Piastr,,,,,,,false,1,
char_pickle,Pickle,,,,,,,false,1,
char_pilsner,Pilsner,,,,,,,false,1,
char_pinhead,Pinhead,,,,,,,false,1,
char_pinion,Pinion,,,,,,,false,1,
char_piow,Piow,,,,,,,false,1,
char_plancy,Plancy,,,,,,,false,1,
char_plato,Plato,,,,,,,false,1,
char_plch,Plch,,,,,,,false,1,
char_plohish,Plohish,,,,,,,false,1,
char_polydeukes,Polydeukes,,,,,,,false,1,
char_pomfrit,Pomfrit,,,,,,,false,1,
char_pontiac,Pontiac,,,,,,,false,1,
char_pontu,Pontu,,,,,,,false,1,
char_popeye,Popeye,,,,,,,false,1,
char_poppis,Poppis,,,,,,,false,1,
char_porien,Porien,Maia,,,,,,true,1,whois display_name=Porien the Knight of Sadness | whois epithet_or_title=the Knight of Sadness | whois descriptor=a Maia (Cartographer) | whois captured_date=2026-06-07
char_posh,Posh,,,,,,,false,1,
char_potgins,Potgins,,,,,,,false,1,
char_praiodan,Praiodan,,,,,,,false,1,
char_prcek,Prcek,,,,,,,false,1,
char_pretty,Pretty,,,,,,,false,1,
char_prey,Prey,,,,,,,false,1,
char_prima,Prima,,,,,,,false,1,
char_prist,Prist,,,,,,,false,1,
char_prosit,Prosit,,,,,,,false,1,
char_psycho,Psycho,,,,,,,false,1,
char_puar,Puar,,,,,,,false,1,
char_pumuckl,Pumuckl,,,,,,,false,1,
char_purkmistr,Purkmistr,,,,,,,false,1,
char_qiuram,Qiuram,,,,,,,false,1,
char_quible,Quible,,,,,,,false,1,
char_quillis,Quillis,,,,,,,false,1,
char_quin,Quin,,,,,,,false,1,
char_qul,Qul,,,,,,,false,1,
char_qwestus,Qwestus,,,,,,,false,1,
char_qwestux,Qwestux,,,,,,,false,1,
char_rabarbar,Rabarbar,,,,,,,false,1,
char_rackhir,Rackhir,,,,,,,false,1,
char_radbug,Radbug,,,,,,,false,1,
char_radegast,Radegast,,,,,,,false,1,
char_rael,Rael,,,,,,,false,1,
char_rafa,Rafa,,,,,,,false,1,
char_rage,Rage,,,,,,,false,1,
char_ragface,Ragface,,,,,,,false,1,
char_ragnwald,Ragnwald,,,,,,,false,1,
char_rahz,Rahz,,,,,,,false,1,
char_raichu,Raichu,,,,,,,false,1,
char_rain,Rain,,,,,,,false,1,
char_rakot,Rakot,,,,,,,false,1,
char_ramangth,Ramangth,,,,,,,false,1,
char_ramiris,Ramiris,,,,,,,false,1,
char_ramtir,Ramtir,,,,,,,false,1,
char_ranax,Ranax,,,,,,,false,1,
char_rancid,Rancid,,,,,,,false,1,
char_rancor,Rancor,,,,,,,false,1,
char_ranhith,Ranhith,,,,,,,false,1,
char_rankin,Rankin,,,,,,,false,1,
char_ranna,Ranna,,,,,,,false,1,
char_rashnak,Rashnak,,,,,,,false,1,
char_rasputin,Rasputin,,,,,,,false,1,
char_rasta,Rasta,,,,,,,false,1,
char_rastik,Rastik,,,,,,,false,1,
char_ratark,Ratark,,,,,,,false,1,
char_raudo,Raudo,,,,,,,false,1,
char_rauko,Rauko,,,,,,,false,1,
char_raun,Raun,,,,,,,false,1,
char_ravendark,Ravendark,,,,,,,false,1,
char_ray,Ray,,,,,,,false,1,
char_rayden,Rayden,,,,,,,false,1,
char_razamazar,Razamazar,,,,,,,false,1,
char_raze,Raze,,,,,,,false,2,
char_razoor,Razoor,,,,,,,false,1,
char_reaper,Reaper,,,,,,,false,1,
char_rebeka,Rebeka,,,,,,,false,1,
char_reef,Reef,,,,,,,false,1,
char_regin,Regin,,,,,,,false,1,
char_reijki,Reijki,,,,,,,false,1,
char_reikor,Reikor,,,,,,,false,1,
char_relim,Relim,Man,,,,,,true,1,whois display_name=Relim N'Ekasrof | whois epithet_or_title=N'Ekasrof | whois descriptor=a Man | Last login 5 months and 8 days ago. | whois captured_date=2026-06-07
char_remorse,Remorse,,,,,,,false,1,
char_rend,Rend,,,,,,,false,1,
char_rendra,Rendra,,,,,,,false,1,
char_reno,Reno,,,,,,,false,1,
char_rentera,Rentera,,,,,,,false,1,
char_revenan,Revenan,,,,,,,false,1,
char_rhand,Rhand,,,,,,,false,1,
char_rhobe,Rhobe,,,,,,,false,1,
char_rhodry,Rhodry,,,,,,,false,1,
char_rhombuc,Rhombuc,,,,,,,false,1,
char_rhuarc,Rhuarc,,,,,,,false,1,
char_rhuka,Rhuka,,,,,,,false,1,
char_ric,Ric,,,,,,,false,1,
char_riekor,Riekor,,,,,,,false,1,
char_rik,Rik,Maia,,,Retired,,,true,1,whois display_name=Rik Tik TIK BOOM! Served more than 157 kits | whois epithet_or_title=Tik TIK BOOM! Served more than 157 kits | whois descriptor=a Maia (Wright) | whois captured_date=2026-06-08
char_rimnark,Rimnark,,,,,,,false,1,
char_rio,Rio,,,,,,,false,1,
char_riordan,Riordan,,,,,,,false,1,
char_rippin,Rippin,,,,,,,false,1,
char_risca,Risca,,,,,,,false,1,
char_risp,Risp,,,,,,,false,1,
char_rivet,Rivet,,,,,,,false,1,
char_roadkill,Roadkill,,,,,,,false,1,
char_rockfish,Rockfish,,,,,,,false,1,
char_rodan,Rodan,,,,,,,false,1,
char_rodothlim,Rodothlim,,,,,,,false,1,
char_rogon,Rogon,,,,,,,false,1,
char_rohic,Rohic,,,,,,,false,1,
char_rohick,Rohick,,,,,,,false,1,
char_rohik,Rohik,,,,,,,false,1,
char_roman,Roman,,,,,,,false,1,
char_romin,Romin,,,,,,,false,1,
char_ronin,Ronin,,,,,,,false,1,
char_rorka,Rorka,,,,,,,false,1,
char_rot,Rot,,,,,,,false,1,
char_rotho,Rotho,,,,,,,false,1,
char_rotmos,Rotmos,,,,,,,false,1,
char_roxik,Roxik,,,,,,,false,1,
char_royal,Royal,,,,,,,false,1,
char_rugorn,Rugorn,,,,,,,false,1,
char_rukan,Rukan,,,,,,,false,1,
char_rulla,Rulla,,,,,,,false,1,
char_rumble,Rumble,,,,,,,false,1,
char_rumptsais,Rumptsais,,,,,,,false,1,
char_runk,Runk,,,,,,,false,1,
char_ruul,Ruul,,,,,,,false,1,
char_ryu,Ryu,,,,,,,false,1,
char_rza,Rza,,,,,,,false,1,
char_s_in,S in,,,,,,,false,1,
char_sabadon,Sabadon,,,,,,,false,1,
char_saber,Saber,,,,,,,false,1,
char_sabish,Sabish,,,,,,,false,1,
char_sabu,Sabu,,,,,,,false,1,
char_saemo,Saemo,,,,,,,false,1,
char_saeth,Saeth,,,,,,,false,1,
char_sai,Sai,,,,,,,false,1,
char_saint,Saint,,,,,,,false,1,
char_sakuolts,Sakuolts,,,,,,,false,1,
char_sakura,Sakura,,,,,,,false,1,
char_salas,Salas,,,,,,,false,1,
char_salmar,Salmar,,,,,,,false,1,
char_salta,Salta,,,,,,,false,1,
char_san,San,,,,,,,false,1,
char_santana,Santana,Tarkhnarb Assassin,,26,,,,true,1,whois descriptor=a level twenty-six Tarkhnarb Assassin | whois captured_date=2026-06-07
char_sarah,Sarah,,,,,,,false,1,
char_sardaukar,Sardaukar,,,,,,,false,1,
char_scaramanga,Scaramanga,,,,,,,false,1,
char_schmidt,Schmidt,,,,,,,false,1,
char_scorn,Scorn,,,,,,,false,1,
char_scorpio,Scorpio,,,,,,,false,1,
char_scotty,Scotty,,,,,,,false,1,
char_scrape,Scrape,,,,,,,false,1,
char_scythe,Scythe,,,,,,,false,1,
char_seek,Seek,,,,,,,false,1,
char_seethe,Seethe,,,,,,,false,1,
char_sehanine,Sehanine,,,,,,,false,1,
char_selde,Selde,,,,,,,false,1,
char_semirhage,Semirhage,,,,,,,false,1,
char_serate,Serate,,,,,,,false,1,
char_serion,Serion,,,,,,,false,1,
char_sethron,Sethron,,,,,,,false,1,
char_shades,Shades,,,,,,,false,2,
char_shadoh,Shadoh,,,,,,,false,1,
char_shadrach,Shadrach,,,,,,,false,1,
char_shaff,Shaff,,,,,,,false,1,
char_shagra,Shagra,,,,,,,false,1,
char_shagrath,Shagrath,,,,,,,false,1,
char_shaigan,Shaigan,,,,,,,false,1,
char_shaitan,Shaitan,,,,,,,false,1,
char_shala,Shala,,,,,,,false,1,
char_shaolin,Shaolin,,,,,,,false,1,
char_sharaaz,Sharaaz,,,,,,,false,1,
char_sharan,Sharan,,,,,,,false,1,
char_sharg,Sharg,,,,,,,false,1,
char_sharghl,Sharghl,,,,,,,false,1,
char_sharmak,Sharmak,,,,,,,false,1,
char_shartomb,Shartomb,,,,,,,false,1,
char_shashakar,Shashakar,,,,,,,false,1,
char_shathur,Shathur,,,,,,,false,1,
char_sheol,Sheol,,,,,,,false,1,
char_shimmer,Shimmer,,,,,,,false,1,
char_shorty,Shorty,,,,,,,false,1,
char_shravl,Shravl,,,,,,,false,1,
char_shrew,Shrew,,,,,,,false,1,
char_shriek,Shriek,,,,,,,false,1,
char_shrimp,Shrimp,,,,,,,false,1,
char_sibur,Sibur,,,,,,,false,1,
char_sikander,Sikander,,,,,,,false,1,
char_sil,Sil,,,,,,,false,1,
char_silencio,Silencio,,,,,,,false,1,
char_silenoz,Silenoz,,,,,,,false,1,
char_sillian,Sillian,,,,,,,false,1,
char_silmarin,Silmarin,,,,,,,false,1,
char_simba,Simba,,,,,,,false,1,
char_sindorie,Sindorie,,,,,,,false,1,
char_singha,Singha,,,,,,,false,1,
char_sinner,Sinner,,,,,,,false,1,
char_sirael,Sirael,,,,,,,false,1,
char_siriala,Siriala,,,,,,,false,1,
char_siroth,Siroth,,,,,,,false,1,
char_sisalik,Sisalik,,,,,,,false,1,
char_sistina,Sistina,,,,,,,false,1,
char_sivanor,Sivanor,,,,,,,false,1,
char_skip,Skip,,,,,,,false,1,
char_skitz,Skitz,,,,,,,false,1,
char_skud,Skud,,,,,,,false,1,
char_skyfire,Skyfire,,,,,,,false,1,
char_slobber,Slobber,,,,,,,false,1,
char_sloo,Sloo,,,,,,,false,1,
char_sloshed,Sloshed,,,,,,,false,1,
char_sloth,Sloth,,,,,,,false,1,
char_smallfist,Smallfist,,,,,,,false,1,
char_smasher,Smasher,,,,,,,false,1,
char_smitsy,Smitsy,,,,,,,false,1,
char_smoke,Smoke,,,,,,,false,1,
char_smrtak,Smrtak,,,,,,,false,1,
char_smrtihlav,Smrtihlav,,,,,,,false,1,
char_snark,Snark,,,,,,,false,1,
char_snick,Snick,,,,,,,false,1,
char_snicker,Snicker,,,,,,,false,1,
char_snigel,Snigel,,,,,,,false,1,
char_snooker,Snooker,,,,,,,false,1,
char_snork,Snork,,,,,,,false,1,
char_snotty,Snotty,,,,,,,false,1,
char_snowball,Snowball,,,,,,,false,1,
char_snowy,Snowy,,,,,,,false,1,
char_snuggles,Snuggles,,,,,,,false,1,
char_soerd,Soerd,,,,,,,false,1,
char_sofinia,Sofinia,,,,,,,false,1,
char_sookoll,Sookoll,,,,,,,false,1,
char_soother,Soother,,,,,,,false,1,
char_sophia,Sophia,,,,,,,false,1,
char_sophiajansson,Sophiajansson,,,,,,,false,1,
char_space,Space,,,,,,,false,1,
char_spark,Spark,,,,,,,false,1,
char_spears,Spears,,,,,,,false,1,
char_spiffdark,Spiffdark,,,,,,,false,1,
char_spinner,Spinner,,,,,,,false,1,
char_spiritus,Spiritus,,,,,,,false,1,
char_splat,Splat,,,,,,,false,1,
char_splatter,Splatter,,,,,,,false,1,
char_spooky,Spooky,,,,,,,false,1,
char_spud,Spud,,,,,,,false,1,
char_squasher,Squasher,,,,,,,false,1,
char_squidgy,Squidgy,,,,,,,false,1,
char_squiffy,Squiffy,,,,,,,false,1,
char_stampe,Stampe,,,,,,,false,1,
char_starobahno,Starobahno,,,,,,,false,1,
char_starsa,Starsa,,,,,,,false,1,
char_stealthy,Stealthy,,,,,,,false,1,
char_steele,Steele,,,,,,,false,1,
char_stile,Stile,,,,,,,false,1,
char_stolb,Stolb,,,,,,,false,1,
char_stormblast,Stormblast,,,,,,,false,1,
char_strine,Strine,,,,,,,false,1,
char_stussy,Stussy,,,,,,,false,1,
char_stylie,Stylie,,,,,,,false,1,
char_sufur,Sufur,,,,,,,false,1,
char_suiram,Suiram,,,,,,,false,1,
char_sunaire,Sunaire,,,,,,,false,1,
char_sunflower,Sunflower,,,,,,,false,1,
char_sunshine,Sunshine,,,,,,,false,1,
char_svarog,Svarog,,,,,,,false,1,
char_svin,Svin,,,,,,,false,1,
char_swork,Swork,,,,,,,false,1,
char_sylan,Sylan,,,,,,,false,1,
char_taelo,Taelo,,,,,,,false,1,
char_taggert,Taggert,,,,,,,false,1,
char_tagrid,Tagrid,,,,,,,false,1,
char_tagrin,Tagrin,,,,,,,false,1,
char_tahkr,Tahkr,,,,,,,false,1,
char_tairach,Tairach,,,,,,,false,1,
char_talson,Talson,,,,,,,false,1,
char_tanc,Tanc,,,,,,,false,1,
char_tandada,Tandada,,,,,,,false,1,
char_tanelorn,Tanelorn,,,,,,,false,1,
char_tarannon,Tarannon,,,,,,,false,1,
char_tardeer,Tardeer,,,,,,,false,1,
char_tars,Tars,,,,,,,false,1,
char_tasa,Tasa,,,,,,,false,1,
char_tasslehoff,Tasslehoff,,,,,,,false,1,
char_tauin,Tauin,,,,,,,false,1,
char_taurek,Taurek,,,,,,,false,1,
char_tear,Tear,,,,,,,false,1,
char_teejay,Teejay,,,,,,,false,1,
char_teeny,Teeny,,,,,,,false,1,
char_telith,Telith,,,,,,,false,1,
char_telumehtar,Telumehtar,,,,,,,false,1,
char_temegl,Temegl,,,,,,,false,1,
char_tempest,Tempest,,,,,,,false,1,
char_teomyr,Teomyr,,,,,,,false,1,
char_terendul,Terendul,,,,,,,false,1,
char_tervin,Tervin,,,,,,,false,1,
char_tessa,Tessa,,,,,,,false,1,
char_teufel,Teufel,,,,,,,false,1,
char_tezcatlipoca,Tezcatlipoca,,,,,,,false,1,
char_tha,Tha,,,,,,,false,1,
char_thalantyr,Thalantyr,,,,,,,false,1,
char_thanis,Thanis,,,,,,,false,1,
char_thanquol,Thanquol,,,,,,,false,1,
char_tharain,Tharain,,,,,,,false,1,
char_tharam,Tharam,,,,,,,false,1,
char_tharl,Tharl,,,,,,,false,1,
char_tharon,Tharon,,,,,,,false,1,
char_thedeen,Thedeen,,,,,,,false,1,
char_theofur,Theofur,,,,,,,false,1,
char_thezi,Thezi,,,,,,,false,1,
char_thilax,Thilax,,,,,,,false,1,
char_thiondash,Thiondash,,,,,,,false,1,
char_thoirin,Thoirin,,,,,,,false,1,
char_thonr,Thonr,,,,,,,false,1,
char_thorak,Thorak,,,,,,,false,1,
char_thorny,Thorny,,,,,,,false,1,
char_thoronwe,Thoronwe,,,,,,,false,1,
char_thorzor,Thorzor,,,,,,,false,1,
char_thrak,Thrak,,,,,,,false,1,
char_throg,Throg,,,,,,,false,1,
char_throin,Throin,,,,,,,false,1,
char_throk,Throk,,,,,,,false,1,
char_thror,Thror,,,,,,,false,1,
char_thwag,Thwag,,,,,,,false,1,
char_tia,Tia,,,,,,,false,1,
char_tiamat,Tiamat,,,,,,,false,1,
char_tianbao,Tianbao,,,,,,,false,1,
char_tim,Tim,,,,,,,false,1,
char_tindomerel,Tindomerel,,,,,,,false,1,
char_toe,Toe,,,,,,,false,1,
char_toin,Toin,,,,,,,false,1,
char_toker,Toker,,,,,,,false,1,
char_toku,Toku,,,,,,,false,1,
char_tolman,Tolman,,,,,,,false,1,
char_tommy,Tommy,,,,,,,false,1,
char_topas,Topas,,,,,,,false,1,
char_tora,Tora,,,,,,,false,1,
char_toran,Toran,,,,,,,false,1,
char_torham,Torham,,,,,,,false,1,
char_torkild,Torkild,,,,,,,false,1,
char_torment,Torment,,,,,,,false,1,
char_torq,Torq,,,,,,,false,1,
char_torvald,Torvald,,,,,,,false,1,
char_toulen,Toulen,,,,,,,false,1,
char_tragg,Tragg,,,,,,,false,1,
char_tragikomix,Tragikomix,,,,,,,false,1,
char_tram,Tram,,,,,,,false,1,
char_trandar,Trandar,,,,,,,false,1,
char_trasdockan,Trasdockan,,,,,,,false,1,
char_trassel,Trassel,,,,,,,false,1,
char_traverza,Traverza,,,,,,,false,1,
char_trazsh,Trazsh,,,,,,,false,1,
char_tri,Tri,,,,,,,false,1,
char_trinity,Trinity,,,,,,,false,1,
char_trobo,Trobo,,,,,,,false,1,
char_troin,Troin,,,,,,,false,1,
char_troom,Troom,,,,,,,false,1,
char_trori,Trori,,,,,,,false,1,
char_tukanek,Tukanek,,,,,,,false,1,
char_tulkass,Tulkass,,,,,,,false,1,
char_tupoun,Tupoun,,,,,,,false,1,
char_turgon,Turgon,,,,,,,false,1,
char_turim,Turim,,,,,,,false,1,
char_turviniel,Turviniel,,,,,,,false,1,
char_tutti,Tutti,,,,,,,false,1,
char_tvimina,Tvimina,,,,,,,false,1,
char_twog,Twog,,,,,,,false,1,
char_twoq,Twoq,,,,,,,false,1,
char_tygr,Tygr,,,,,,,false,1,
char_tyrion,Tyrion,,,,,,,false,1,
char_tzanck,Tzanck,,,,,,,false,1,
char_uber,Uber,,,,,,,false,1,
char_udo,Udo,,,,,,,false,1,
char_uffe,Uffe,,,,,,,false,1,
char_ugash,Ugash,,,,,,,false,1,
char_ughar,Ughar,,,,,,,false,1,
char_ugnez,Ugnez,,,,,,,false,1,
char_ugurz,Ugurz,Orkish,Assassin,100,Retired,,,true,1,whois display_name=Ugurz the Forsaken | whois epithet_or_title=the Forsaken | whois descriptor=a level one hundred Orkish Assassin | whois captured_date=2026-06-07
char_uhan,Uhan,,,,,,,false,1,
char_ukuvul,Ukuvul,,,,,,,false,1,
char_ula,Ula,,,,,,,false,1,
char_ulairy,Ulairy,Black Númenórean,Mercenary,32,Retired,,,true,1,whois display_name=Ulairy - in the memory of Grino | whois epithet_or_title=- in the memory of Grino | whois descriptor=a level thirty-two Black Númenórean Mercenary | whois captured_date=2026-06-07
char_uland,Uland,,,,,,,false,1,
char_uldrak,Uldrak,,,,,,,false,1,
char_ulfhild,Ulfhild,,,,,,,false,1,
char_ulkaar,Ulkaar,,,,,,,false,1,
char_umanidd,Umanidd,,,,,,,false,1,
char_umnik,Umnik,,,,,,,false,1,
char_undolomion,Undolomion,,,,,,,false,1,
char_ungrim,Ungrim,,,,,,,false,1,
char_unholy,Unholy,,,,,,,false,1,
char_unoc,Unoc,,,,,,,false,1,
char_uralyon,Uralyon,,,,,,,false,1,
char_uriond,Uriond,,,,,,,false,1,
char_userbius,Userbius,,,,,,,false,1,
char_uthalg,Uthalg,,,,,,,false,1,
char_uzbad,Uzbad,,,,,,,false,1,
char_vaab,Vaab,,,,,,,false,1,
char_vagdish,Vagdish,,,,,,,false,1,
char_vaim,Vaim,,,,,,,false,1,
char_vainamoinen,Vainamoinen,,,,,,,false,1,
char_valacar,Valacar,,,,,,,false,1,
char_valamir,Valamir,,,,,,,false,1,
char_valandar,Valandar,,,,,,,false,1,
char_valastule,Valastule,,,,,,,false,1,
char_valdja,Valdja,,,,,,,false,1,
char_valen,Valen,,,,,,,false,1,
char_valeria,Valeria,,,,,,,false,1,
char_valgarv,Valgarv,,,,,,,false,1,
char_valir,Valir,,,,,,,false,1,
char_valkyria,Valkyria,,,,,,,false,1,
char_valkyrie,Valkyrie,,,,,,,false,1,
char_vandal,Vandal,,,,,,,false,1,
char_vanimelde,Vanimelde,,,,,,,false,1,
char_vanir,Vanir,,,,,,,false,1,
char_vargas,Vargas,,,,,,,false,1,
char_varvar,Varvar,Tarkhnarb,,33,,,,true,1,whois display_name=Varvar the Black Uruk | whois epithet_or_title=the Black Uruk | whois descriptor=a level thirty-three Tarkhnarb | whois captured_date=2026-06-07
char_vasa,Vasa,,,,,,,false,1,
char_vasilisa,Vasilisa,,,,,,,false,1,
char_vassago,Vassago,,,,,,,false,1,
char_vatsayana,Vatsayana,,,,,,,false,1,
char_vayu,Vayu,,,,,,,false,1,
char_vecna,Vecna,,,,,,,false,1,
char_venal,Venal,,,,,,,false,1,
char_verminaard,Verminaard,,,,,,,false,1,
char_viclona,Viclona,,,,,,,false,1,
char_vidomina,Vidomina,,,,,,,false,1,
char_vij,Vij,,,,,,,false,1,
char_vili,Vili,,,,,,,false,1,
char_viljar,Viljar,,,,,,,false,1,
char_vincenzo,Vincenzo,,,,,,,false,1,
char_vip,Vip,,,,,,,false,1,
char_vishnak,Vishnak,,,,,,,false,1,
char_vlas,Vlas,,,,,,,false,1,
char_voile,Voile,,,,,,,false,1,
char_vold,Vold,,,,,,,false,1,
char_voltron,Voltron,,,,,,,false,1,
char_vorne,Vorne,,,,,,,false,1,
char_vortex,Vortex,,,,,,,false,1,
char_vradul,Vradul,,,,,,,false,1,
char_vral,Vral,,,,,,,false,1,
char_vrede,Vrede,,,,,,,false,1,
char_vridush,Vridush,,,,,,,false,1,
char_vr_sh,Vr�sh,,,,,,,false,1,
char_vsevolod,Vsevolod,,,,,,,false,1,
char_vugluskr,Vugluskr,Dwarven,Battlemaster,33,Retired,2003-11-20,2003-11-20,true,1,"whois descriptor=a level thirty-three Dwarven Battlemaster | Last login 22 years, 6 months, and 17 days ago from [numerical address]. | whois captured_date=2026-06-07"
char_vulgar,Vulgar,,,,,,,false,1,
char_waba,Waba,,,,,,,false,1,
char_wacka,Wacka,,,,,,,false,1,
char_wacker,Wacker,,,,,,,false,1,
char_warren,Warren,,,,,,,false,1,
char_warzur,Warzur,,,,,,,false,1,
char_watar,Watar,,,,,,,false,1,
char_wenom,Wenom,,,,,,,false,1,
char_wert,Wert,,,,,,,false,1,
char_wes,Wes,,,,,,,false,1,
char_wierd,Wierd,,,,,,,false,1,
char_wilma,Wilma,,,,,,,false,1,
char_wind,Wind,,,,,,,false,1,
char_winnie,Winnie,,,,,,,false,1,
char_winzy,Winzy,,,,,,,false,1,
char_wobbit,Wobbit,,,,,,,false,1,
char_woe,Woe,,,,,,,false,1,
char_woitkah,Woitkah,,,,,,,false,1,
char_woland,Woland,Black Númenórean,,,Retired,,,true,1,whois display_name=Woland the Professor of Black Magic | whois epithet_or_title=the Professor of Black Magic | whois descriptor=a Black Númenórean | whois captured_date=2026-06-07
char_wong,Wong,,,,,,,false,1,
char_wow,Wow,,,,,,,false,1,
char_wreth,Wreth,,,,,,,false,1,
char_wroom,Wroom,,,,,,,false,1,
char_wryak,Wryak,,,,,,,false,1,
char_wryth,Wryth,,,,,,,false,1,
char_wucheria,Wucheria,,,,,,,false,1,
char_wurzl,Wurzl,,,,,,,false,1,
char_wyzz,Wyzz,,,,,,,false,1,
char_xagok,Xagok,,,,,,,false,1,
char_xaltotun,Xaltotun,,,,,,,false,1,
char_xandahar,Xandahar,,,,,,,false,1,
char_xander,Xander,,,,,,,false,1,
char_xatax,Xatax,,,,,,,false,1,
char_xel,Xel,,,,,,,false,1,
char_xelloss,Xelloss,,,,,,,false,1,
char_xile,Xile,,,,,,,false,1,
char_xylo,Xylo,,,,,,,false,1,
char_yagara,Yagara,,,,,,,false,1,
char_yanwe,Yanwe,,,,,,,false,1,
char_ypsilon,Ypsilon,,,,,,,false,1,
char_ytinas,Ytinas,,,,,,,false,1,
char_zaber,Zaber,,,,,,,false,1,
char_zanetha,Zanetha,,,,,,,false,1,
char_zar,Zar,,,,,,,false,1,
char_ze,Ze,,,,,,,false,1,
char_zed,Zed,,,,,,,false,1,
char_zeddicus,Zeddicus,,,,,,,false,1,
char_zerabethulh,Zerabethulh,,,,,,,false,1,
char_zeroth,Zeroth,,,,,,,false,1,
char_zeus,Zeus,,,,,,,false,1,
char_zevier,Zevier,,,,,,,false,1,
char_zhagrat,Zhagrat,,,,,,,false,1,
char_zhorgas,Zhorgas,,,,,,,false,1,
char_zhuk,Zhuk,,,,,,,false,1,
char_zigrakh,Zigrakh,,,,,,,false,1,
char_zigurakhor,Zigurakhor,,,,,,,false,1,
char_zilkis,Zilkis,,,,,,,false,1,
char_zimar,Zimar,,,,,,,false,1,
char_zimrathon,Zimrathon,,,,,,,false,1,
char_zina,Zina,,,,,,,false,1,
char_zirand,Zirand,,,,,,,false,1,
char_zlababa,Zlababa,,,,,,,false,1,
char_zlo,Zlo,,,,,,,false,1,
char_zmej,Zmej,,,,,,,false,1,
char_zocker,Zocker,,,,,,,false,1,
char_zomb,Zomb,,,,,,,false,1,
char_zoone,Zoone,,,,,,,false,1,
char_zopa,Zopa,,,,,,,false,1,
char_zorek,Zorek,,,,,,,false,1,
char_zorgmol,Zorgmol,,,,,,,false,1,
char_zorgoth,Zorgoth,,,,,,,false,1,
char_zorrak,Zorrak,,,,,,,false,1,
char_zoser,Zoser,,,,,,,false,1,
char_zroi,Zroi,,,,,,,false,1,
char_zubr,Zubr,,,,,,,false,1,
char_zug,Zug,,,,,,,false,1,
char_zuljin,Zuljin,,,,,,,false,1,
char_zygmud,Zygmud,,,,,,,false,1,
char_tauno,Tauno,Dwarven,Ranger,40,Retired,2005-10-03,2005-10-03,true,,"whois display_name=Tauno Tumpelo, 7th Tumunzahar Battalion | whois epithet_or_title=Tumpelo, 7th Tumunzahar Battalion | whois descriptor=a level forty Dwarven Ranger | Last login 20 years, 8 months, and 4 days ago from *.fi. | whois captured_date=2026-06-07"
char_gangee,Gangee,Stoor,Necromancer,22,Retired,2003-12-03,2003-12-03,true,,"whois display_name=Gangee the roly-poly little stoor | whois epithet_or_title=the roly-poly little stoor | whois descriptor=a level twenty-two Stoor Necromancer | Last login 22 years, 6 months, and 4 days ago from *.edu. | whois captured_date=2026-06-07"
char_haphet,Haphet,Mountain Troll,Warrior,30,Retired,,,true,,whois display_name=Haphet Bloodtroll | whois epithet_or_title=Bloodtroll | whois descriptor=a level thirty Mountain Troll Warrior | whois captured_date=2026-06-07
char_huor,Huor,Dúnadan Battlemaster,,71,Retired,1999-11-19,1999-11-19,true,,"whois display_name=Huor of Dor-lómin, Chieftain of Rhudaur | whois epithet_or_title=of Dor-lómin, Chieftain of Rhudaur | whois descriptor=a level seventy-one Dúnadan Battlemaster | Last login 26 years, 6 months, and 18 days ago from *.SE. | whois captured_date=2026-06-07"
char_romaïn,Romaïn,Dwarven,Axemaster,31,Retired,2005-01-25,2005-01-25,true,,"whois display_name=Romaïn Bloodfire | whois epithet_or_title=Bloodfire | whois descriptor=a level thirty-one Dwarven Axemaster | Last login 21 years, 4 months, and 13 days ago from *.nl. | whois captured_date=2026-06-07"
char_akela,Akela,Dwarven,Battlemaster,29,Retired,2004-02-18,2004-02-18,true,,"whois display_name=Akela the Pack Leader | whois epithet_or_title=the Pack Leader | whois descriptor=a level twenty-nine Dwarven Battlemaster | Last login 22 years, 3 months, and 18 days ago from [numerical address]. | whois captured_date=2026-06-07"
char_ainko,Ainko,Broadbeam,Adventurer,36,Retired,,,true,,"whois display_name=Ainko the Dwarven Adventurer | whois epithet_or_title=the Dwarven Adventurer | whois descriptor=a level thirty-six Broadbeam Adventurer | Last login 1 year, 10 months, and 21 days ago. | whois captured_date=2026-06-08"
char_aeruscator,Aeruscator,Half-elven,Healer,36,Retired,2004-02-06,2004-02-06,true,,"whois display_name=Aeruscator the Merchant [AKM] | whois epithet_or_title=the Merchant [AKM] | whois descriptor=a level thirty-six Half-elven Healer | Last login 22 years, 3 months, and 30 days ago from [numerical address]. | whois captured_date=2026-06-07"
char_korn,Korn,Troll,,,Retired,,,true,,whois descriptor=a Troll | whois captured_date=2026-06-07
char_tuor,Tuor,Maia,,,Retired,,,true,,whois display_name=Tuor of Vinyamar | whois epithet_or_title=of Vinyamar | whois descriptor=a Maia (Cartographer) | whois captured_date=2026-06-07
char_shydaë,Shydaë,Silvan,Quickblade,27,Retired,2005-09-23,2005-09-23,true,,"whois display_name=Shydaë the Explorer | whois epithet_or_title=the Explorer | whois descriptor=a level twenty-seven Silvan Quickblade | Last login 20 years, 8 months, and 14 days ago from *.nl. | whois captured_date=2026-06-07"
char_maartje,Maartje,Black Númenórean,Rider,29,Retired,,,true,,whois display_name=Maartje the Black Bi... uhm Witch | whois epithet_or_title=the Black Bi... uhm Witch | whois descriptor=a level twenty-nine Black Númenórean Rider | whois captured_date=2026-06-07
char_gefe,Gefe,Maia,,,Retired,,,true,,whois display_name=Gefe the Friendly Neighbourhood Ainu | whois epithet_or_title=the Friendly Neighbourhood Ainu | whois descriptor=a Maia (Builder) | whois captured_date=2026-06-07
