evidence_id,source_id,evidence_type,subject_type,subject_id_or_name,claim,raw_text,location_in_source,date_observed,date_range_start,date_range_end,date_confidence,confidence,notes
evidence_player_group_0001,source_players_txt_iheartdisraptor,player_character_association,player_group,player_0001,Rogon; Norsu; Pandion; Wyzz; Grez; Zed; Sarah; Eileen; Posh; Fierce; Azazhel; Mato; Bastion; Throg; Dork; Woe; Mylene; Geri are listed together as characters associated with Rogon,"-Rogon, Norsu, Pandion, Wyzz, Grez, Zed, Sarah, Eileen, Posh, Fierce, Azazhel, Mato, Bastion, Throg, Dork, Woe, Mylene, Geri - nicelinked (.se), overkiller, poisonhora, very careful, #1 warlord, highest level mortal in the game",parsed grouped entry,,,,undated_source,medium,"nicelinked (.se), overkiller, poisonhora, very careful, #1 warlord, highest level mortal in the game"
evidence_player_group_0002,source_players_txt_iheartdisraptor,player_character_association,player_group,player_0002,Ajax; Torment; Achilles; Buliwyf; Brynhilde; Tempest; Hrothgar; Everhate; Kesslik; Carniminimmiel are listed together as characters associated with Ajax,"-Ajax, Torment, Achilles, Buliwyf, Brynhilde, Tempest, Hrothgar, Everhate, Kesslik, Carniminimmiel - goodlinked (USA), likes to play with p(Rogon), sometimes warlord, pretty cynical person, pstealing via summon as Carni",parsed grouped entry,,,,undated_source,medium,"goodlinked (USA), likes to play with p(Rogon), sometimes warlord, pretty cynical person, pstealing via summon as Carni"
evidence_player_group_0003,source_players_txt_iheartdisraptor,player_character_association,player_group,player_0003,Burb; Caress; Dalamar; Deathwind; Filth; Kovie; Death; Thanquol; Onyx; Mehter; Reaper; Fairy; Zevier; Barak; Aalio; Skyfire are listed together as characters associated with Burb,"-Burb, Caress, Dalamar, Deathwind, Filth, Kovie, Death, Thanquol, Onyx, Mehter, Reaper, Fairy, Zevier, Barak, Aalio, Skyfire - nicelinked (.fi), likes to play with p(Rogon), sometimes warlord",parsed grouped entry,,,,undated_source,medium,"nicelinked (.fi), likes to play with p(Rogon), sometimes warlord"
evidence_player_group_0004,source_players_txt_iheartdisraptor,player_character_association,player_group,player_0004,Wow; Nele; Bizarre; Lillian; Kilin; Nigal; Nali; Farion; Naldor; Pinhead; Baresark; Jube; Dracolich; Umanidd; Gamak; Tasa; Kylm; Gwira; Bigge; Spark are listed together as characters associated with Wow,"Wow, Nele, Bizarre, Lillian, Kilin, Nigal, Nali, Farion, Naldor, Pinhead, Baresark, Jube, Dracolich, Umanidd, Gamak, Tasa, Kylm, Gwira, Bigge, Spark - likes to play with p(Rogon), sometimes warlord",parsed grouped entry,,,,undated_source,medium,"likes to play with p(Rogon), sometimes warlord"
evidence_player_group_0005,source_players_txt_iheartdisraptor,player_character_association,player_group,player_0005,Praiodan; Elestir; Tairach; Tharon; Elsurion; Iwain; Dragan; Thiondash; Sirael; Korax are listed together as characters associated with Praiodan [Tomas],"*[Tomas] Praiodan, Elestir, Tairach, Tharon, Elsurion, Iwain, Dragan, Thiondash, Sirael, Korax - nicelinked (.cz), helpful, warlord, labbie of p(Luke)",parsed grouped entry,,,,undated_source,medium,"nicelinked (.cz), helpful, warlord, labbie of p(Luke)"
evidence_player_group_0006,source_players_txt_iheartdisraptor,player_character_association,player_group,player_0006,Chavez; Mammoth; Feriand; Manaja; Jon; Smallfist; Herold; Muhv; Libresse; Alf are listed together as characters associated with Chavez,"*Chavez, Mammoth, Feriand, Manaja, Jon, Smallfist, Herold, Muhv, Libresse, Alf - nicelinked (.ee), berserk (totally non-careful), warlord",parsed grouped entry,,,,undated_source,medium,"nicelinked (.ee), berserk (totally non-careful), warlord"
evidence_player_group_0007,source_players_txt_iheartdisraptor,player_character_association,player_group,player_0007,Diamonium; Naksitrall; Morgulduin; Carak; Dolengur; Gondgurth; Cen; Feagor; Saint are listed together as characters associated with Diamonium,"Diamonium, Naksitrall, Morgulduin, Carak, Dolengur, Gondgurth, Cen, Feagor, Saint - nicelinked (.ee), helpful, warlord",parsed grouped entry,,,,undated_source,medium,"nicelinked (.ee), helpful, warlord"
evidence_player_group_0008,source_players_txt_iheartdisraptor,player_character_association,player_group,player_0008,Fingeror; Macros; Araglas; Radbug; Hugo; Darkun; Sheol; Prey; Liten; Blackthorne; Balin; Kulgan are listed together as characters associated with Fingeror [Jocke],"[Jocke] Fingeror, Macros, Araglas, Radbug, Hugo, Darkun, Sheol, Prey, Liten, Blackthorne, Balin, Kulgan - nicelinked (.uu.se), warlord, often #1",parsed grouped entry,,,,undated_source,medium,"nicelinked (.uu.se), warlord, often #1"
evidence_player_group_0009,source_players_txt_iheartdisraptor,player_character_association,player_group,player_0009,Snick; Magnolia are listed together as characters associated with Snick [Johan],"[Johan] Snick, Magnolia - nicelinked (.uu.se)",parsed grouped entry,,,,undated_source,medium,nicelinked (.uu.se)
evidence_player_group_0010,source_players_txt_iheartdisraptor,player_character_association,player_group,player_0010,Zaber; Butter; Alvedon; Vridush; Leagel are listed together as characters associated with Zaber,"*Zaber, Butter, Alvedon, Vridush, Leagel - nicelinked (NSL), warlord, often #1",parsed grouped entry,,,,undated_source,medium,"nicelinked (NSL), warlord, often #1"
evidence_player_group_0011,source_players_txt_iheartdisraptor,player_character_association,player_group,player_0011,Lancelot; Tindomerel; Isolde; Rhodry; Purkmistr; Neverborn; Liart; Jaws; Sharan; Snotty; Ulfhild; Lilladde are listed together as characters associated with Lancelot [Andreas],"[Andreas] Lancelot, Tindomerel, Isolde, Rhodry, Purkmistr, Neverborn, Liart, Jaws, Sharan, Snotty, Ulfhild, Lilladde - nicelinked (.cz), #1 warlord in the past, pretty much bitter person, now retired from MUME and plays DAOC instead",parsed grouped entry,,,,undated_source,medium,"nicelinked (.cz), #1 warlord in the past, pretty much bitter person, now retired from MUME and plays DAOC instead"
evidence_player_group_0012,source_players_txt_iheartdisraptor,player_character_association,player_group,player_0012,Axel; Mahyr; Dugmok; Girando; Ramiris; Rhombuc; Andris; Dwogin; Luvette; Sivanor; Tagrin; Borek; Cruggo; Gadmac; Mugorad; Jheran; Toran; Brugan are listed together as characters associated with Axel [Axel],"*[Axel] Axel, Mahyr, Dugmok, Girando, Ramiris, Rhombuc, Andris, Dwogin, Luvette, Sivanor, Tagrin, Borek, Cruggo, Gadmac, Mugorad, Jheran, Toran, Brugan - goodlinked (.de), sometimes warlord",parsed grouped entry,,,,undated_source,medium,"goodlinked (.de), sometimes warlord"
evidence_player_group_0013,source_players_txt_iheartdisraptor,player_character_association,player_group,player_0013,Farin; Arte; Khad; Eldan; Valen; Jimbo; Uland; Chak; Ruul; Ickabod; Serate; Patty are listed together as characters associated with Farin,"*Farin, Arte, Khad, Eldan, Valen, Jimbo, Uland, Chak, Ruul, Ickabod, Serate, Patty - sometimes warlord",parsed grouped entry,,,,undated_source,medium,sometimes warlord
evidence_player_group_0014,source_players_txt_iheartdisraptor,player_character_association,player_group,player_0014,Gothmog; Donk; Nain; Labero; Orodreth; Grume; Grul; Ancalimon are listed together as characters associated with Gothmog [Petter],"[Petter] Gothmog, Donk, Nain, Labero, Orodreth, Grume, Grul, Ancalimon - nicelinked (.kth.se), proud, warlord",parsed grouped entry,,,,undated_source,medium,"nicelinked (.kth.se), proud, warlord"
evidence_player_group_0015,source_players_txt_iheartdisraptor,player_character_association,player_group,player_0015,Ghostly; Grishnak(Shag); Vayu; MouthOfSauron are listed together as characters associated with Ghostly,"Ghostly, Grishnak(Shag), Vayu, MouthOfSauron - averagelinked (.uk), roleplayer, warlord",parsed grouped entry,,,,undated_source,medium,"averagelinked (.uk), roleplayer, warlord"
evidence_player_group_0016,source_players_txt_iheartdisraptor,player_character_association,player_group,player_0016,Namo; Agent are listed together as characters associated with Namo,"Namo, Agent - warlord in the past",parsed grouped entry,,,,undated_source,medium,warlord in the past
evidence_player_group_0017,source_players_txt_iheartdisraptor,player_character_association,player_group,player_0017,Alkar; Fuor; Smoke; Splat; Khelek; Nari; Scorn; Fearan; Eldrenil; Kesslin; Faradoc; Gruuk; Valacar; Maeglor are listed together as characters associated with Alkar,"Alkar, Fuor, Smoke, Splat, Khelek, Nari, Scorn, Fearan, Eldrenil, Kesslin, Faradoc, Gruuk, Valacar, Maeglor - averagelinked (.ca)",parsed grouped entry,,,,undated_source,medium,averagelinked (.ca)
evidence_player_group_0018,source_players_txt_iheartdisraptor,player_character_association,player_group,player_0018,Feanor; Maglor; Turgon; Nemil; Faramin; Eluchil; Mrsh; Graugh; Skip; Granite; Earnur; Erudhil are listed together as characters associated with Feanor,"Feanor, Maglor, Turgon, Nemil, Faramin, Eluchil, Mrsh, Graugh, Skip, Granite, Earnur, Erudhil - nothing special",parsed grouped entry,,,,undated_source,medium,nothing special
evidence_player_group_0019,source_players_txt_iheartdisraptor,player_character_association,player_group,player_0019,Luke; Mochomurka; Smrtihlav; Smrtak; Kostej; Space; Traverza; Plch; Eletherion; Litovel; Tahkr; Lokomotiva are listed together as characters associated with Luke,"Luke, Mochomurka, Smrtihlav, Smrtak, Kostej, Space, Traverza, Plch, Eletherion, Litovel, Tahkr, Lokomotiva - nicelinked (.cz), warlord, labbie of p(Praiodan)",parsed grouped entry,,,,undated_source,medium,"nicelinked (.cz), warlord, labbie of p(Praiodan)"
evidence_player_group_0020,source_players_txt_iheartdisraptor,player_character_association,player_group,player_0020,Bubla; Kuku; Bubu; Elaviel; Faldir; Fero; Huher; Ostravar; Toulen; Cervotoc; Dement; Lepra; Bum; Aranka; Tygr are listed together as characters associated with Bubla,"Bubla, Kuku, Bubu, Elaviel, Faldir, Fero, Huher, Ostravar, Toulen, Cervotoc, Dement, Lepra, Bum, Aranka, Tygr - nicelinked (.cz), warlord, often #1",parsed grouped entry,,,,undated_source,medium,"nicelinked (.cz), warlord, often #1"
evidence_player_group_0021,source_players_txt_iheartdisraptor,player_character_association,player_group,player_0021,Cormac; Algaron; Berin; Zirand; Rodan; Zlababa; Fragir; Beruska are listed together as characters associated with Cormac,"Cormac, Algaron, Berin, Zirand, Rodan, Zlababa, Fragir, Beruska - nicelinked (.cz)",parsed grouped entry,,,,undated_source,medium,nicelinked (.cz)
evidence_player_group_0022,source_players_txt_iheartdisraptor,player_character_association,player_group,player_0022,Moonparent; Pheare; Tukanek; Sil; Bijec; Lalok; Nazghul; Rasputin; Bonebiter; Clericii are listed together as characters associated with Moonparent [David],"[David] Moonparent, Pheare, Tukanek, Sil, Bijec, Lalok, Nazghul, Rasputin, Bonebiter, Clericii - nicelinked (.cz)",parsed grouped entry,,,,undated_source,medium,nicelinked (.cz)
evidence_player_group_0023,source_players_txt_iheartdisraptor,player_character_association,player_group,player_0023,Bah; Bairanax; Beowulf; Dodge; Erebos; Hwoarang; Kozel; Lol; Pretty; Ranax; Twog; Twoq are listed together as characters associated with Bah [Jan],"[Jan] Bah, Bairanax, Beowulf, Dodge, Erebos, Hwoarang, Kozel, Lol, Pretty, Ranax, Twog, Twoq - nicelinked (.cz)",parsed grouped entry,,,,undated_source,medium,nicelinked (.cz)
evidence_player_group_0024,source_players_txt_iheartdisraptor,player_character_association,player_group,player_0024,Decoy; Donovan; Dragoth; Jamie; Milena; Shaigan; Leffe are listed together as characters associated with Decoy [Peter],"[Peter] Decoy, Donovan, Dragoth, Jamie, Milena, Shaigan, Leffe - (.se), warlord, sometimes #1, does not kill linkless/linkfrozen",parsed grouped entry,,,,undated_source,medium,"(.se), warlord, sometimes #1, does not kill linkless/linkfrozen"
evidence_player_group_0025,source_players_txt_iheartdisraptor,player_character_association,player_group,player_0025,Lowyn; Elle are listed together as characters associated with Lowyn,"Lowyn, Elle - averagelinked (USA), warlord",parsed grouped entry,,,,undated_source,medium,"averagelinked (USA), warlord"
evidence_player_group_0026,source_players_txt_iheartdisraptor,player_character_association,player_group,player_0026,Alweon; Bomir; Malak; Rancor are listed together as characters associated with Alweon,"Alweon, Bomir, Malak, Rancor - nicelinked, sometimes warlord",parsed grouped entry,,,,undated_source,medium,"nicelinked, sometimes warlord"
evidence_player_group_0027,source_players_txt_iheartdisraptor,player_character_association,player_group,player_0027,Drugar; Scrape are listed together as characters associated with Drugar,"Drugar, Scrape - (USA), highest level whitie in the game",parsed grouped entry,,,,undated_source,medium,"(USA), highest level whitie in the game"
evidence_player_group_0028,source_players_txt_iheartdisraptor,player_character_association,player_group,player_0028,Enforcer; Ragface; Wind; Glaran; Stealthy; Insane; Morbid; Sardaukar; Fiend; Fear; Innuendo; Bianthor; Elavar; Beastly; Lana; Chazan; Chewer are listed together as characters associated with Enforcer [Ert],"[Ert] Enforcer, Ragface, Wind, Glaran, Stealthy, Insane, Morbid, Sardaukar, Fiend, Fear, Innuendo, Bianthor, Elavar, Beastly, Lana, Chazan, Chewer - warlord",parsed grouped entry,,,,undated_source,medium,warlord
evidence_player_group_0029,source_players_txt_iheartdisraptor,player_character_association,player_group,player_0029,Faint; Nushenak; Wenom; Warzur; Thorzor; Ungrim; Imlach; Mess; Sophiajansson; Sophia; Wierd; Dreamweaver; Myth; Ithy; Malus; Haldor; Dreth are listed together as characters associated with Faint,"*Faint, Nushenak, Wenom, Warzur, Thorzor, Ungrim, Imlach, Mess, Sophiajansson, Sophia, Wierd, Dreamweaver, Myth, Ithy, Malus, Haldor, Dreth - nicelinked (.se), berserk, rarely warlord",parsed grouped entry,,,,undated_source,medium,"nicelinked (.se), berserk, rarely warlord"
evidence_player_group_0030,source_players_txt_iheartdisraptor,player_character_association,player_group,player_0030,Manatark; Belzagar; Grymsh; Ravendark; Soerd; Stormblast; Valdja; Agannardu are listed together as characters associated with Manatark [Kaido],"*[Kaido] Manatark, Belzagar, Grymsh, Ravendark, Soerd, Stormblast, Valdja, Agannardu - nicelinked (.ee), sometimes warlord",parsed grouped entry,,,,undated_source,medium,"nicelinked (.ee), sometimes warlord"
evidence_player_group_0031,source_players_txt_iheartdisraptor,player_character_association,player_group,player_0031,Swork; Elroh; Healer; Hairfoot; Paka; Engelbert; Elden; Ferska; Marko; Guglunk; Madcat; Orikas; Nazalbeth; Trazsh; Ugnez are listed together as characters associated with Swork,"Swork, Elroh, Healer, Hairfoot, Paka, Engelbert, Elden, Ferska, Marko, Guglunk, Madcat, Orikas, Nazalbeth, Trazsh, Ugnez - nicelinked (.ee), sometimes warlord",parsed grouped entry,,,,undated_source,medium,"nicelinked (.ee), sometimes warlord"
evidence_player_group_0032,source_players_txt_iheartdisraptor,player_character_association,player_group,player_0032,Rashnak; Vainamoinen; Tutti are listed together as characters associated with Rashnak,"-Rashnak, Vainamoinen, Tutti - nicelinked (.fi), paranoid anti-evil, helpful but proud, warlord in the past",parsed grouped entry,,,,undated_source,medium,"nicelinked (.fi), paranoid anti-evil, helpful but proud, warlord in the past"
evidence_player_group_0033,source_players_txt_iheartdisraptor,player_character_association,player_group,player_0033,Ginlon; Zorek; Drokk; Wert; Vlas; Salas are listed together as characters associated with Ginlon,"-Ginlon, Zorek, Drokk, Wert, Vlas, Salas - nicelinked (.uu.se), warlord in the past",parsed grouped entry,,,,undated_source,medium,"nicelinked (.uu.se), warlord in the past"
evidence_player_group_0034,source_players_txt_iheartdisraptor,player_character_association,player_group,player_0034,Nazgum; Mabel; Anolad; Aragil; Brog; Annesh; Vagdish; Sunaire; Iljrure are listed together as characters associated with Nazgum,"*Nazgum, Mabel, Anolad, Aragil, Brog, Annesh, Vagdish, Sunaire, Iljrure - likes traps, warlord; does not kill linkless/linkfrozen",parsed grouped entry,,,,undated_source,medium,"likes traps, warlord; does not kill linkless/linkfrozen"
evidence_player_group_0035,source_players_txt_iheartdisraptor,player_character_association,player_group,player_0035,Fankil; Alcion; Vanimelde; Krossen; Janosh; Verminaard; Ramtir; Orcobal; Ermon; Ieras; Toker; Khim; Falathrim; Dwimmer; Lathos; Macke; Kesslar; Iorlas; Zigrakh; Qul are listed together as characters associated with Fankil [Alexander],"-[Alexander] Fankil, Alcion, Vanimelde, Krossen, Janosh, Verminaard, Ramtir, Orcobal, Ermon, Ieras, Toker, Khim, Falathrim, Dwimmer, Lathos, Macke, Kesslar, Iorlas, Zigrakh, Qul - nicelinked (NSL), does not kill linkless/linkfrozen",parsed grouped entry,,,,undated_source,medium,"nicelinked (NSL), does not kill linkless/linkfrozen"
evidence_player_group_0036,source_players_txt_iheartdisraptor,player_character_association,player_group,player_0036,Atlas; Akhorahil; Bambi; Chogall; Danath; Eldarion; Feagwath; Grom; Harowen; Ithilagos; Kurdran; Legion; Merimac; Ogyf; Pomfrit; Quin; Rugorn; Shathur; Terendul; Uralyon; Vincenzo; Zuljin; Johannes are listed together as characters associated with Atlas,"-Atlas, Akhorahil, Bambi, Chogall, Danath, Eldarion, Feagwath, Grom, Harowen, Ithilagos, Kurdran, Legion, Merimac, Ogyf, Pomfrit, Quin, Rugorn, Shathur, Terendul, Uralyon, Vincenzo, Zuljin, Johannes - (.dk), nothing special",parsed grouped entry,,,,undated_source,medium,"(.dk), nothing special"
evidence_player_group_0037,source_players_txt_iheartdisraptor,player_character_association,player_group,player_0037,Bobbie; Elmir; Rhuka; Ainairos; Furfoot; Lothlahn; Bobba; Snooker; Serion; Grukh; Dynamit are listed together as characters associated with Bobbie,"Bobbie, Elmir, Rhuka, Ainairos, Furfoot, Lothlahn, Bobba, Snooker, Serion, Grukh, Dynamit - nicelinked (NSL), bashtrapper, overkiller, warlord",parsed grouped entry,,,,undated_source,medium,"nicelinked (NSL), bashtrapper, overkiller, warlord"
evidence_player_group_0038,source_players_txt_iheartdisraptor,player_character_association,player_group,player_0038,Sabadon; Adanedhel; Alhadar; Barlok; Barnes; Celegrim; Chelios; Gereb; Gringo; Heather; Morannon; Rimnark; Sikander; Anselmo; Byleist; Cavalera; Disembowel; Famas; Glabthrak; Horstats; Imrazor; Karelin; Kilimanjaro; OhThePain; Shartomb; Tharl are listed together as characters associated with Sabadon,"Sabadon, Adanedhel, Alhadar, Barlok, Barnes, Celegrim, Chelios, Gereb, Gringo, Heather, Morannon, Rimnark, Sikander, Anselmo, Byleist, Cavalera, Disembowel, Famas, Glabthrak, Horstats, Imrazor, Karelin, Kilimanjaro, OhThePain, Shartomb, Tharl - nicelinked (.lth.se), warlord",parsed grouped entry,,,,undated_source,medium,"nicelinked (.lth.se), warlord"
evidence_player_group_0039,source_players_txt_iheartdisraptor,player_character_association,player_group,player_0039,Drengist; Zigurakhor are listed together as characters associated with Drengist,"Drengist, Zigurakhor - #1 warlord in the past",parsed grouped entry,,,,undated_source,medium,#1 warlord in the past
evidence_player_group_0040,source_players_txt_iheartdisraptor,player_character_association,player_group,player_0040,Shadrach; Ibrahim; Murghaz are listed together as characters associated with Shadrach,"Shadrach, Ibrahim, Murghaz - nicelinked (.se), quite rude and vulgar person, but expirienced enough to become warlord sometimes",parsed grouped entry,,,,undated_source,medium,"nicelinked (.se), quite rude and vulgar person, but expirienced enough to become warlord sometimes"
evidence_player_group_0041,source_players_txt_iheartdisraptor,player_character_association,player_group,player_0041,Zeroth; Snowy are listed together as characters associated with Zeroth,"Zeroth, Snowy - nicelinked (.ee), warlord",parsed grouped entry,,,,undated_source,medium,"nicelinked (.ee), warlord"
evidence_player_group_0042,source_players_txt_iheartdisraptor,player_character_association,player_group,player_0042,Zhagrat; Reno; Elebor are listed together as characters associated with Zhagrat,"Zhagrat, Reno, Elebor - nicelinked (.ee), warlord",parsed grouped entry,,,,undated_source,medium,"nicelinked (.ee), warlord"
evidence_player_group_0043,source_players_txt_iheartdisraptor,player_character_association,player_group,player_0043,Lehto; Muck; Mummo; Neziel; Agonor are listed together as characters associated with Lehto,"Lehto, Muck, Mummo, Neziel, Agonor - nicelinked (.fi), warlord",parsed grouped entry,,,,undated_source,medium,"nicelinked (.fi), warlord"
evidence_player_group_0044,source_players_txt_iheartdisraptor,player_character_association,player_group,player_0044,Perago; Alfrim; Exiled are listed together as characters associated with Perago,"Perago, Alfrim, Exiled - nicelinked (.se), sometimes warlord",parsed grouped entry,,,,undated_source,medium,"nicelinked (.se), sometimes warlord"
evidence_player_group_0045,source_players_txt_iheartdisraptor,player_character_association,player_group,player_0045,Rza; Lenwe; Nat; Daz are listed together as characters associated with Rza,"Rza, Lenwe, Nat, Daz - badlinked (.au)",parsed grouped entry,,,,undated_source,medium,badlinked (.au)
evidence_player_group_0046,source_players_txt_iheartdisraptor,player_character_association,player_group,player_0046,Filibert; Core; Manic; Onatah; Dwar; Meriadoc; Calvin; Dakkon; Amarie; Curufin; Ingwe; Hukor are listed together as characters associated with Filibert,"Filibert, Core, Manic, Onatah, Dwar, Meriadoc, Calvin, Dakkon, Amarie, Curufin, Ingwe, Hukor - roleplayer",parsed grouped entry,,,,undated_source,medium,roleplayer
evidence_player_group_0047,source_players_txt_iheartdisraptor,player_character_association,player_group,player_0047,Idun; Bluebell; Bumbur; Ciryatan; Elfwyn; Forin; Giralion; Hrive; Korin; Luber; Minastir; Minuial; Miriamele; Agarakhor; Burghul; Geirrodr; Gorlach; Gulag; Hunchback; Splatter; Siriala are listed together as characters associated with Idun,"*Idun, Bluebell, Bumbur, Ciryatan, Elfwyn, Forin, Giralion, Hrive, Korin, Luber, Minastir, Minuial, Miriamele, Agarakhor, Burghul, Geirrodr, Gorlach, Gulag, Hunchback, Splatter, Siriala - nicelinked (.se)",parsed grouped entry,,,,undated_source,medium,nicelinked (.se)
evidence_player_group_0048,source_players_txt_iheartdisraptor,player_character_association,player_group,player_0048,Draggor; Oceanborn; Pagan; Draconis; Rastik; Falenor; Morticus; Ypsilon; Tha; Draggy; Draca; Deemon; Dimmu; Drax; Draccon; Irv; Draglador are listed together as characters associated with Draggor,"*Draggor, Oceanborn, Pagan, Draconis, Rastik, Falenor, Morticus, Ypsilon, Tha, Draggy, Draca, Deemon, Dimmu, Drax, Draccon, Irv, Draglador - sometimes warlord, hothead",parsed grouped entry,,,,undated_source,medium,"sometimes warlord, hothead"
evidence_player_group_0049,source_players_txt_iheartdisraptor,player_character_association,player_group,player_0049,Haazheel; Bohemond; Moandor; Tezcatlipoca; Thalantyr; Greoldreth; Wreth; Vidomina; Belemoth; Maegnas; Xaltotun are listed together as characters associated with Haazheel,"Haazheel, Bohemond, Moandor, Tezcatlipoca, Thalantyr, Greoldreth, Wreth, Vidomina, Belemoth, Maegnas, Xaltotun - nicelinked, sometimes warlord (.ee)",parsed grouped entry,,,,undated_source,medium,"nicelinked, sometimes warlord (.ee)"
evidence_player_group_0050,source_players_txt_iheartdisraptor,player_character_association,player_group,player_0050,Simba; Falemir; Khird; Guthol; Taurek; Eggraz are listed together as characters associated with Simba,"Simba, Falemir, Khird, Guthol, Taurek, Eggraz - nicelinked (.se), sometimes warlord",parsed grouped entry,,,,undated_source,medium,"nicelinked (.se), sometimes warlord"
evidence_player_group_0051,source_players_txt_iheartdisraptor,player_character_association,player_group,player_0051,Alantir; Drenical; Caman; Lerian; Revenan; Eggrat; Grab are listed together as characters associated with Alantir,"-Alantir, Drenical, Caman, Lerian, Revenan, Eggrat, Grab - nicelinked (.se), sometimes warlord",parsed grouped entry,,,,undated_source,medium,"nicelinked (.se), sometimes warlord"
evidence_player_group_0052,source_players_txt_iheartdisraptor,player_character_association,player_group,player_0052,Salmar; Ingold; Elendur; Gildur; Troin; Nithr; Tarannon; Finduilas; Gladush; Grashnak; Gradash; Hybrid; Nimraphel are listed together as characters associated with Salmar,"Salmar, Ingold, Elendur, Gildur, Troin, Nithr, Tarannon, Finduilas, Gladush, Grashnak, Gradash, Hybrid, Nimraphel - nothing special",parsed grouped entry,,,,undated_source,medium,nothing special
evidence_player_group_0053,source_players_txt_iheartdisraptor,player_character_association,player_group,player_0053,Hoho; Spooky; Cyrano; Dif; Daddy are listed together as characters associated with Hoho,"Hoho, Spooky, Cyrano, Dif, Daddy - nicelinked (.se), risky",parsed grouped entry,,,,undated_source,medium,"nicelinked (.se), risky"
evidence_player_group_0054,source_players_txt_iheartdisraptor,player_character_association,player_group,player_0054,Deor; Mikala; Shorty; Skitz; Warren; Anner; Ambolt; Iranon; Ehhe are listed together as characters associated with Deor,"-Deor, Mikala, Shorty, Skitz, Warren, Anner, Ambolt, Iranon, Ehhe - paranoid rule-follower",parsed grouped entry,,,,undated_source,medium,paranoid rule-follower
evidence_player_group_0055,source_players_txt_iheartdisraptor,player_character_association,player_group,player_0055,Cur; Roadkill; Pestilence are listed together as characters associated with Cur [Vigfus],"[Vigfus] Cur, Roadkill, Pestilence - nothing special",parsed grouped entry,,,,undated_source,medium,nothing special
evidence_player_group_0056,source_players_txt_iheartdisraptor,player_character_association,player_group,player_0056,Aschit; Oscarmeyer are listed together as characters associated with Aschit,"Aschit, Oscarmeyer - slowlinked (USA), plays solo-only, thief-only, rarely warlord",parsed grouped entry,,,,undated_source,medium,"slowlinked (USA), plays solo-only, thief-only, rarely warlord"
evidence_player_group_0057,source_players_txt_iheartdisraptor,player_character_association,player_group,player_0057,Kenzu; Antar; Ardent; Earand; Kessfare; Lief; Braddock; Shriek; Schmidt; Edrahil; Greed are listed together as characters associated with Kenzu,"Kenzu, Antar, Ardent, Earand, Kessfare, Lief, Braddock, Shriek, Schmidt, Edrahil, Greed - averagelinked (USA), rarely pkills, likes smobbing",parsed grouped entry,,,,undated_source,medium,"averagelinked (USA), rarely pkills, likes smobbing"
evidence_player_group_0058,source_players_txt_iheartdisraptor,player_character_association,player_group,player_0058,Steele; Tyrion; Throin; Grok; Orf; Grumph; Amdir; Mithrellas; Gilror; Ike; Ilgamar; Burok; Sylan; Grishelda; Shrew; Arglebargle; Hrolth; Valastule; Rot; Ryu; Acheron are listed together as characters associated with Steele [Dan],"[Dan] Steele, Tyrion, Throin, Grok, Orf, Grumph, Amdir, Mithrellas, Gilror, Ike, Ilgamar, Burok, Sylan, Grishelda, Shrew, Arglebargle, Hrolth, Valastule, Rot, Ryu, Acheron - averagelinked (USA), usually warlord",parsed grouped entry,,,,undated_source,medium,"averagelinked (USA), usually warlord"
evidence_player_group_0059,source_players_txt_iheartdisraptor,player_character_association,player_group,player_0059,Tia; Delicate are listed together as characters associated with Tia,"Tia, Delicate - nothing special",parsed grouped entry,,,,undated_source,medium,nothing special
evidence_player_group_0060,source_players_txt_iheartdisraptor,player_character_association,player_group,player_0060,Amandil; Galadon; Durlak; Gundor; Devran; Inziladun; Mosaren; Salta; Amantest; Kloker; Vrede are listed together as characters associated with Amandil,"Amandil, Galadon, Durlak, Gundor, Devran, Inziladun, Mosaren, Salta, Amantest, Kloker, Vrede - nicelinked (NSL)",parsed grouped entry,,,,undated_source,medium,nicelinked (NSL)
evidence_player_group_0061,source_players_txt_iheartdisraptor,player_character_association,player_group,player_0061,Siroth; Uldrak; Baldwin; Emroth; Shades; Nowyr; Elumir; Bifur; Belind; Fardin; Herman; Nimroth; Shades; Uthalg; Maal are listed together as characters associated with Siroth,"Siroth, Uldrak, Baldwin, Emroth, Shades, Nowyr, Elumir, Bifur, Belind, Fardin, Herman, Nimroth, Shades, Uthalg, Maal - nicelinked (NSL)",parsed grouped entry,,,,undated_source,medium,nicelinked (NSL)
evidence_player_group_0062,source_players_txt_iheartdisraptor,player_character_association,player_group,player_0062,Auriane; Duvel; Meteor; Devastator; Omega; Darq; Chikarhayshi; Xatax; Xylo; Mercurius; Equinoxe; Harakiri; Raichu are listed together as characters associated with Auriane [Bob],"[Bob] Auriane, Duvel, Meteor, Devastator, Omega, Darq, Chikarhayshi, Xatax, Xylo, Mercurius, Equinoxe, Harakiri, Raichu - nicelinked (.nl)",parsed grouped entry,,,,undated_source,medium,nicelinked (.nl)
evidence_player_group_0063,source_players_txt_iheartdisraptor,player_character_association,player_group,player_0063,Ling; Indra; Adorable; Magica; Sunflower; Murdress; Remorse; Alicia; Melinda are listed together as characters associated with Ling,"*Ling, Indra, Adorable, Magica, Sunflower, Murdress, Remorse, Alicia, Melinda - nicelinked (NSL)",parsed grouped entry,,,,undated_source,medium,nicelinked (NSL)
evidence_player_group_0064,source_players_txt_iheartdisraptor,player_character_association,player_group,player_0064,Saeth; Chen; Wong; Fong; Junbao; Tianbao; Ronin; Miko; Hyung; Chang; Hwarang; Hercule are listed together as characters associated with Saeth [Wojtek],"*[Wojtek] Saeth, Chen, Wong, Fong, Junbao, Tianbao, Ronin, Miko, Hyung, Chang, Hwarang, Hercule - nothing special",parsed grouped entry,,,,undated_source,medium,nothing special
evidence_player_group_0065,source_players_txt_iheartdisraptor,player_character_association,player_group,player_0065,Wryak; Grythar; Hurar; Kraal; Rukan; Thwag; Tragg; Ughar; Calan; Cilya; Dorak; Drayl; Dural; Eral; Trandar; Uhan; Wryth; Agarde; Watar; Broom; Hyurk; Muhugar are listed together as characters associated with Wryak [Tapio],"*[Tapio] Wryak, Grythar, Hurar, Kraal, Rukan, Thwag, Tragg, Ughar, Calan, Cilya, Dorak, Drayl, Dural, Eral, Trandar, Uhan, Wryth, Agarde, Watar, Broom, Hyurk, Muhugar - nicelinked (.fi)",parsed grouped entry,,,,undated_source,medium,nicelinked (.fi)
evidence_player_group_0066,source_players_txt_iheartdisraptor,player_character_association,player_group,player_0066,Tram; Aros; Kingpool; Turviniel; Implithura; Sharghl are listed together as characters associated with Tram,"*Tram, Aros, Kingpool, Turviniel, Implithura, Sharghl - nothing special",parsed grouped entry,,,,undated_source,medium,nothing special
evidence_player_group_0067,source_players_txt_iheartdisraptor,player_character_association,player_group,player_0067,David; Deavon; Draaz; Dramon; Drimdul; Gilmas; Millen; Mitch; Mortie; Regin; Snowball; Tharam; Trassel; Zerabethulh; Zimar; Ze are listed together as characters associated with David [David],"[David] David, Deavon, Draaz, Dramon, Drimdul, Gilmas, Millen, Mitch, Mortie, Regin, Snowball, Tharam, Trassel, Zerabethulh, Zimar, Ze - nothing special",parsed grouped entry,,,,undated_source,medium,nothing special
evidence_player_group_0068,source_players_txt_iheartdisraptor,player_character_association,player_group,player_0068,Elrik; Tommy; Dino; Goldor; Topas; Blizzard; Caldor are listed together as characters associated with Elrik,"*Elrik, Tommy, Dino, Goldor, Topas, Blizzard, Caldor - nothing special",parsed grouped entry,,,,undated_source,medium,nothing special
evidence_player_group_0069,source_players_txt_iheartdisraptor,player_character_association,player_group,player_0069,Pilsner; Butrus; Koza; Lalloree; Prcek; Starobahno; Torham; Dolik; Hovado; Khamil; Kurva; Mamut; Mamutice; Monster; Mrsina; Ozon; Tupoun; Nogir; Pepa; Misery are listed together as characters associated with Pilsner [Jurek],"[Jurek] Pilsner,  Butrus, Koza, Lalloree, Prcek, Starobahno, Torham, Dolik, Hovado, Khamil, Kurva, Mamut, Mamutice, Monster, Mrsina, Ozon, Tupoun, Nogir, Pepa, Misery - first Zaugurz legend",parsed grouped entry,,,,undated_source,medium,first Zaugurz legend
evidence_player_group_0070,source_players_txt_iheartdisraptor,player_character_association,player_group,player_0070,Heldo; Elajt; Scaramanga; Grishtar; Cagim; Thedeen; Mestan; Ratark; Trasdockan; Lilljempa; Core; Darkwind are listed together as characters associated with Heldo [Jens],"-[Jens] Heldo, Elajt, Scaramanga, Grishtar, Cagim, Thedeen, Mestan, Ratark, Trasdockan, Lilljempa, Core, Darkwind - nicelinked (MTL), linklesskiller, storeporter, pretty much immature person, often warlord",parsed grouped entry,,,,undated_source,medium,"nicelinked (MTL), linklesskiller, storeporter, pretty much immature person, often warlord"
evidence_player_group_0071,source_players_txt_iheartdisraptor,player_character_association,player_group,player_0071,Marre; Mumma; Vargas; Gurgel; Azhal; Lillmarre; Jatte; Oggy; Octavian; Ugash; Joponen; Squasher; Snigel; Tars are listed together as characters associated with Marre [Martin],"-[Martin] Marre, Mumma, Vargas, Gurgel, Azhal, Lillmarre, Jatte, Oggy, Octavian, Ugash, Joponen, Squasher, Snigel, Tars - nicelinked (MTL), linklesskiller, storeporter, pretty much immature person, often warlord",parsed grouped entry,,,,undated_source,medium,"nicelinked (MTL), linklesskiller, storeporter, pretty much immature person, often warlord"
evidence_player_group_0072,source_players_txt_iheartdisraptor,player_character_association,player_group,player_0072,Valamir; Khazdul; Globur; Svin; Rasta; Gris; Bullebu; Stampe; Hashtak; Fiolas; Jeffbob; Reikor; Riekor; Rotmos are listed together as characters associated with Valamir [Ole],"[Ole] Valamir, Khazdul, Globur, Svin, Rasta, Gris, Bullebu, Stampe, Hashtak, Fiolas, Jeffbob, Reikor, Riekor, Rotmos - brother of p(Cagim), nicelinked (MTL), warlord, often #1",parsed grouped entry,,,,undated_source,medium,"brother of p(Cagim), nicelinked (MTL), warlord, often #1"
evidence_player_group_0073,source_players_txt_iheartdisraptor,player_character_association,player_group,player_0073,Thoirin; Tauin; Tvimina; Krubb are listed together as characters associated with Thoirin [Mans],"[Mans] Thoirin, Tauin, Tvimina, Krubb - nicelinked (MTL)",parsed grouped entry,,,,undated_source,medium,nicelinked (MTL)
evidence_player_group_0074,source_players_txt_iheartdisraptor,player_character_association,player_group,player_0074,Tardeer; Bagger; Vral; Wilma; Faelandir; Basta; Sillian; Beremon are listed together as characters associated with Tardeer [Silverberg],"[Silverberg] Tardeer, Bagger, Vral, Wilma, Faelandir, Basta, Sillian, Beremon - nicelinked (MTL)",parsed grouped entry,,,,undated_source,medium,nicelinked (MTL)
evidence_player_group_0075,source_players_txt_iheartdisraptor,player_character_association,player_group,player_0075,Bjorn; Bogger; Movin; Wacka; Romin; Grytash; Pasta; Calrandir; Jauer; Zimrathon; Kassler; Vradul are listed together as characters associated with Bjorn [Bjorn],"[Bjorn] Bjorn, Bogger, Movin, Wacka, Romin, Grytash, Pasta, Calrandir, Jauer, Zimrathon, Kassler, Vradul - nicelinked (MTL), rarely warlord",parsed grouped entry,,,,undated_source,medium,"nicelinked (MTL), rarely warlord"
evidence_player_group_0076,source_players_txt_iheartdisraptor,player_character_association,player_group,player_0076,Bigger; Breaux; Cidar; Dunlop; Gromk; Jaagern; Ozgun; Zocker; Hasta; Shrimp are listed together as characters associated with Bigger [Jakob],"[Jakob] Bigger, Breaux, Cidar, Dunlop, Gromk, Jaagern, Ozgun, Zocker, Hasta, Shrimp - nicelinked (MTL)",parsed grouped entry,,,,undated_source,medium,nicelinked (MTL)
evidence_player_group_0077,source_players_txt_iheartdisraptor,player_character_association,player_group,player_0077,Winzy; Glubur are listed together as characters associated with Winzy [Oscar],"[Oscar] Winzy, Glubur - nicelinked (MTL)",parsed grouped entry,,,,undated_source,medium,nicelinked (MTL)
evidence_player_group_0078,source_players_txt_iheartdisraptor,player_character_association,player_group,player_0078,Khozdul; Glabur are listed together as characters associated with Khozdul [Calle],"[Calle] Khozdul, Glabur - nicelinked (MTL)",parsed grouped entry,,,,undated_source,medium,nicelinked (MTL)
evidence_player_group_0079,source_players_txt_iheartdisraptor,player_character_association,player_group,player_0079,Feon; Olorion; Telumehtar; Prosit; Nimir; Mosco; Ilmacil; Dax; Lakh; Lakon; Agan; Vandal; Buller are listed together as characters associated with Feon [Johan],"[Johan] Feon, Olorion, Telumehtar, Prosit, Nimir, Mosco, Ilmacil, Dax, Lakh, Lakon, Agan, Vandal, Buller - nicelinked (NSL)",parsed grouped entry,,,,undated_source,medium,nicelinked (NSL)
evidence_player_group_0080,source_players_txt_iheartdisraptor,player_character_association,player_group,player_0080,Venal; Rockfish; Kreil are listed together as characters associated with Venal,"Venal, Rockfish, Kreil - nothing special",parsed grouped entry,,,,undated_source,medium,nothing special
evidence_player_group_0081,source_players_txt_iheartdisraptor,player_character_association,player_group,player_0081,Vassago; Nacs; Kurast; Sharmak; Fearless; Zubr; Glaref; Nibble; Alfank; Keldorn; Murumutt; Odamees; Polydeukes are listed together as characters associated with Vassago,"Vassago, Nacs, Kurast, Sharmak, Fearless, Zubr, Glaref, Nibble, Alfank, Keldorn, Murumutt, Odamees, Polydeukes - nicelinked (.ee), berserk, rarely warlord",parsed grouped entry,,,,undated_source,medium,"nicelinked (.ee), berserk, rarely warlord"
evidence_player_group_0082,source_players_txt_iheartdisraptor,player_character_association,player_group,player_0082,Relim; Oregon; Paque; Miler; Mazza; Razamazar are listed together as characters associated with Relim,"Relim, Oregon, Paque, Miler, Mazza, Razamazar - somethimes warlord",parsed grouped entry,,,,undated_source,medium,somethimes warlord
evidence_player_group_0083,source_players_txt_iheartdisraptor,player_character_association,player_group,player_0083,Goretongue; Blackfoot; Baphomet; Balthazar; Vili; Gaurog; Ciluras; Gaurhir; Dispater are listed together as characters associated with Goretongue [Jeremiah],"-[Jeremiah] Goretongue, Blackfoot, Baphomet, Balthazar, Vili, Gaurog, Ciluras, Gaurhir, Dispater - averagelinked (USA)",parsed grouped entry,,,,undated_source,medium,averagelinked (USA)
evidence_player_group_0084,source_players_txt_iheartdisraptor,player_character_association,player_group,player_0084,Kakarot; Wes; Stussy are listed together as characters associated with Kakarot,"Kakarot, Wes, Stussy - nothing special",parsed grouped entry,,,,undated_source,medium,nothing special
evidence_player_group_0085,source_players_txt_iheartdisraptor,player_character_association,player_group,player_0085,Daevia; Rain are listed together as characters associated with Daevia,"Daevia, Rain - averagelinked (USA)",parsed grouped entry,,,,undated_source,medium,averagelinked (USA)
evidence_player_group_0086,source_players_txt_iheartdisraptor,player_character_association,player_group,player_0086,Squiffy; Granvil; Pickle; Baldy; Snork; Ula; Snark; Gaylord; Quible; Rankin; Squidgy; Stylie are listed together as characters associated with Squiffy,"Squiffy, Granvil, Pickle, Baldy, Snork, Ula, Snark, Gaylord, Quible, Rankin, Squidgy, Stylie - nothing special",parsed grouped entry,,,,undated_source,medium,nothing special
evidence_player_group_0087,source_players_txt_iheartdisraptor,player_character_association,player_group,player_0087,Bounty; Hamfist; Flanker; Cinsovinsh; Shaff; Raze are listed together as characters associated with Bounty,"Bounty, Hamfist, Flanker, Cinsovinsh, Shaff, Raze, etc - spammy boy",parsed grouped entry,,,,undated_source,medium,spammy boy
evidence_player_group_0088,source_players_txt_iheartdisraptor,player_character_association,player_group,player_0088,Bulldozer; Duriel; Gorshak; Scythe; Voltron; Zug are listed together as characters associated with Bulldozer,"Bulldozer, Duriel, Gorshak, Scythe, Voltron, Zug - nothing special",parsed grouped entry,,,,undated_source,medium,nothing special
evidence_player_group_0089,source_players_txt_iheartdisraptor,player_character_association,player_group,player_0089,Lothlori; Morthe; Blysk; Thonr; Thorny; Morholth; Thorak; Morholt; Lotheila are listed together as characters associated with Lothlori,"Lothlori, Morthe, Blysk, Thonr, Thorny, Morholth, Thorak, Morholt, Lotheila - (.pl)",parsed grouped entry,,,,undated_source,medium,(.pl)
evidence_player_group_0090,source_players_txt_iheartdisraptor,player_character_association,player_group,player_0090,Rayden; Helios; Sisalik are listed together as characters associated with Rayden,"Rayden, Helios, Sisalik - nicelinked (.ee)",parsed grouped entry,,,,undated_source,medium,nicelinked (.ee)
evidence_player_group_0091,source_players_txt_iheartdisraptor,player_character_association,player_group,player_0091,Aris; Sakuolts; Eher; Cele; Rivet; Caolin; Kiki are listed together as characters associated with Aris,"Aris, Sakuolts, Eher, Cele, Rivet, Caolin, Kiki - (.ee)",parsed grouped entry,,,,undated_source,medium,(.ee)
evidence_player_group_0092,source_players_txt_iheartdisraptor,player_character_association,player_group,player_0092,Basha; Digital; Brogan; Burk; Sabu; Hobit; Sunshine; Aalok; Xile; Domine; Hex are listed together as characters associated with Basha,"Basha, Digital, Brogan, Burk, Sabu, Hobit, Sunshine, Aalok, Xile, Domine, Hex - nothing special",parsed grouped entry,,,,undated_source,medium,nothing special
evidence_player_group_0093,source_players_txt_iheartdisraptor,player_character_association,player_group,player_0093,Valir; Prist; Azmodan; Tessa; Trinity; Vanir; Unholy are listed together as characters associated with Valir [Raul],"[Raul] Valir, Prist, Azmodan, Tessa, Trinity, Vanir, Unholy - nothing special",parsed grouped entry,,,,undated_source,medium,nothing special
evidence_player_group_0094,source_players_txt_iheartdisraptor,player_character_association,player_group,player_0094,Almarian; Shimmer; Cherish; Meeka; Fable; Dazzle; Hazel; Bianca; Sindorie; Boomer; Sinner; Sai; Kitto are listed together as characters associated with Almarian,"Almarian, Shimmer, Cherish, Meeka, Fable, Dazzle, Hazel, Bianca, Sindorie, Boomer, Sinner, Sai, Kitto - likes portal and hugegrouping",parsed grouped entry,,,,undated_source,medium,likes portal and hugegrouping
evidence_player_group_0095,source_players_txt_iheartdisraptor,player_character_association,player_group,player_0095,Haista; Woitkah; Rahz; Moloko; Assa; Lammoth; Aglar; Elleth; Malach are listed together as characters associated with Haista,"*Haista, Woitkah, Rahz, Moloko, Assa, Lammoth, Aglar, Elleth, Malach - nothing special",parsed grouped entry,,,,undated_source,medium,nothing special
evidence_player_group_0096,source_players_txt_iheartdisraptor,player_character_association,player_group,player_0096,Voile; Eldrasil; Lavendel; Khzandros; Meril; Dharazor; Brask; Alizee; Zorgmol; Desastre; Gothia; Casque; Brutte; Shagra; Xander; Petrus; Blizzardo; Xandahar; Mikke; Suiram are listed together as characters associated with Voile,"Voile, Eldrasil, Lavendel, Khzandros, Meril, Dharazor, Brask, Alizee, Zorgmol, Desastre, Gothia, Casque, Brutte, Shagra, Xander, Petrus, Blizzardo, Xandahar, Mikke, Suiram - averagelinked (.uk)",parsed grouped entry,,,,undated_source,medium,averagelinked (.uk)
evidence_player_group_0097,source_players_txt_iheartdisraptor,player_character_association,player_group,player_0097,Moonglum; Lore; Morog; Ugurz; Mulgrim are listed together as characters associated with Moonglum,"Moonglum, Lore, Morog, Ugurz, Mulgrim - sometimes warlord",parsed grouped entry,,,,undated_source,medium,sometimes warlord
evidence_player_group_0098,source_players_txt_iheartdisraptor,player_character_association,player_group,player_0098,Dragor; Celorfilas; Endur; Brash; Rhuarc; Stile; Horgy; Tagrid; Azg; Grakk; Ramangth; Snuggles; Runk; Drijian; Hamlas; Frukghash are listed together as characters associated with Dragor,"Dragor, Celorfilas, Endur, Brash, Rhuarc, Stile, Horgy, Tagrid, Azg, Grakk, Ramangth, Snuggles, Runk, Drijian, Hamlas, Frukghash - nothing special",parsed grouped entry,,,,undated_source,medium,nothing special
evidence_player_group_0099,source_players_txt_iheartdisraptor,player_character_association,player_group,player_0099,Asmandeus; Vecna are listed together as characters associated with Asmandeus,"Asmandeus, Vecna - nothing special",parsed grouped entry,,,,undated_source,medium,nothing special
evidence_player_group_0100,source_players_txt_iheartdisraptor,player_character_association,player_group,player_0100,Quillis; Saber; Riordan; Gage; Celedon; Kalus; Rend; Iblis; Rage; Fubar are listed together as characters associated with Quillis,"Quillis, Saber, Riordan, Gage, Celedon, Kalus, Rend, Iblis, Rage, Fubar - nothing special",parsed grouped entry,,,,undated_source,medium,nothing special
evidence_player_group_0101,source_players_txt_iheartdisraptor,player_character_association,player_group,player_0101,Healy; Elmo; Sloshed; Hark; Galowyn are listed together as characters associated with Healy,"Healy, Elmo, Sloshed, Hark, Galowyn - nothing special",parsed grouped entry,,,,undated_source,medium,nothing special
evidence_player_group_0102,source_players_txt_iheartdisraptor,player_character_association,player_group,player_0102,Naredhel; Puar; Smasher; Kami; Gomen; Mazrim are listed together as characters associated with Naredhel,"*Naredhel, Puar, Smasher, Kami, Gomen, Mazrim - nothing special",parsed grouped entry,,,,undated_source,medium,nothing special
evidence_player_group_0103,source_players_txt_iheartdisraptor,player_character_association,player_group,player_0103,Edvard; Hannibal; Cruel; Bamsefar; Drohm; Aegon; Dragg; Ethne; Draupner; Ior; Manne; Anaconda; Psycho; Ragnwald; Dracul; Danzig; Norrland; Newmie are listed together as characters associated with Edvard [Aron],"-[Aron] Edvard, Hannibal, Cruel, Bamsefar, Drohm, Aegon, Dragg, Ethne, Draupner, Ior, Manne, Anaconda, Psycho, Ragnwald, Dracul, Danzig, Norrland, Newmie - nothing special",parsed grouped entry,,,,undated_source,medium,nothing special
evidence_player_group_0104,source_players_txt_iheartdisraptor,player_character_association,player_group,player_0104,Donutello; Occult; Gilcon are listed together as characters associated with Donutello,"Donutello, Occult, Gilcon - nothing special",parsed grouped entry,,,,undated_source,medium,nothing special
evidence_player_group_0105,source_players_txt_iheartdisraptor,player_character_association,player_group,player_0105,Crysania; Eternal; Udo; Britney; Spears; Mortti; Lammas; Narttu; Koff are listed together as characters associated with Crysania,"Crysania, Eternal, Udo, Britney, Spears, Mortti, Lammas, Narttu, Koff - nothing special",parsed grouped entry,,,,undated_source,medium,nothing special
evidence_player_group_0106,source_players_txt_iheartdisraptor,player_character_association,player_group,player_0106,Rael; Abraxas; Raudo; Niflam are listed together as characters associated with Rael [Dario],"[Dario] Rael, Abraxas, Raudo, Niflam - nothing special",parsed grouped entry,,,,undated_source,medium,nothing special
evidence_player_group_0107,source_players_txt_iheartdisraptor,player_character_association,player_group,player_0107,Ares; Doreth; Bromir; Oguga; Thror; Floi; Drow; Zorgoth are listed together as characters associated with Ares,"Ares, Doreth, Bromir, Oguga, Thror, Floi, Drow, Zorgoth - sometimes warlord",parsed grouped entry,,,,undated_source,medium,sometimes warlord
evidence_player_group_0108,source_players_txt_iheartdisraptor,player_character_association,player_group,player_0108,Toe; Backfire; Lairathim; Magi; Jabba; Goliat; Awesome; Prima; Escape; Joker; Kamikaze; Mrwhite are listed together as characters associated with Toe,"Toe, Backfire, Lairathim, Magi, Jabba, Goliat, Awesome, Prima, Escape, Joker, Kamikaze, Mrwhite - nicelinked (.no)",parsed grouped entry,,,,undated_source,medium,nicelinked (.no)
evidence_player_group_0109,source_players_txt_iheartdisraptor,player_character_association,player_group,player_0109,Nighthawk; Ric; Scotty; Buffer; Arn; AlBundy; Etopal; Berg; AnneilBalkassoon; Orcbash; Lazy; Bates; Luckless; Llort; Tulkass are listed together as characters associated with Nighthawk,"Nighthawk, Ric, Scotty, Buffer, Arn, AlBundy, Etopal, Berg, AnneilBalkassoon, Orcbash, Lazy, Bates, Luckless, Llort, Tulkass - roleplayer",parsed grouped entry,,,,undated_source,medium,roleplayer
evidence_player_group_0110,source_players_txt_iheartdisraptor,player_character_association,player_group,player_0110,Fredde; Nazghol; Kasach; Baurk; Kotta; Seek; Glenn; Sistina; Bastantor are listed together as characters associated with Fredde [Fredde],"[Fredde] Fredde, Nazghol, Kasach, Baurk, Kotta, Seek, Glenn, Sistina, Bastantor - lilklesskiller, spammer, flamer and pretty much self-proud guy",parsed grouped entry,,,,undated_source,medium,"lilklesskiller, spammer, flamer and pretty much self-proud guy"
evidence_player_group_0111,source_players_txt_iheartdisraptor,player_character_association,player_group,player_0111,Aram; Ariakan; Vulgar; Rancid; Marhault; Itallicus; Mazrim are listed together as characters associated with Aram,"*Aram, Ariakan, Vulgar, Rancid, Marhault, Itallicus, Mazrim - nothing special",parsed grouped entry,,,,undated_source,medium,nothing special
evidence_player_group_0112,source_players_txt_iheartdisraptor,player_character_association,player_group,player_0112,Reef; Capiche; Soother; Raun; Photon; Taggert are listed together as characters associated with Reef,"Reef, Capiche, Soother, Raun, Photon, Taggert - nothing special",parsed grouped entry,,,,undated_source,medium,nothing special
evidence_player_group_0113,source_players_txt_iheartdisraptor,player_character_association,player_group,player_0113,Nardhal; Andarion; Eale; Eawian; Khandar; Raze; Dalmorg; Doh; Naed; Naghar; Lomek; Done are listed together as characters associated with Nardhal,"Nardhal, Andarion, Eale, Eawian, Khandar, Raze, Dalmorg, Doh, Naed, Naghar, Lomek, Done - nothing special",parsed grouped entry,,,,undated_source,medium,nothing special
evidence_player_group_0114,source_players_txt_iheartdisraptor,player_character_association,player_group,player_0114,Echo; Olos; Fearsome; Gelion are listed together as characters associated with Echo,"Echo, Olos, Fearsome, Gelion - averagelinked (USA), plays mostly trolls",parsed grouped entry,,,,undated_source,medium,"averagelinked (USA), plays mostly trolls"
evidence_player_group_0115,source_players_txt_iheartdisraptor,player_character_association,player_group,player_0115,Marillion; Wroom; Jaron; Garkan; Batar; Troom; Torkild; Eldale; Viljar; Kazan; Jeran; Torvald are listed together as characters associated with Marillion,"Marillion, Wroom, Jaron, Garkan, Batar, Troom, Torkild, Eldale, Viljar, Kazan, Jeran, Torvald - rather hothead person. Viljar was sauronlisted and now realdied.",parsed grouped entry,,,,undated_source,medium,rather hothead person. Viljar was sauronlisted and now realdied.
evidence_player_group_0116,source_players_txt_iheartdisraptor,player_character_association,player_group,player_0116,Kazeena; Vorne; Thanis; Kazzey; Jensu; Jarhala; Demsie are listed together as characters associated with Kazeena,"Kazeena, Vorne, Thanis, Kazzey, Jensu, Jarhala, Demsie - nothing special",parsed grouped entry,,,,undated_source,medium,nothing special
evidence_player_group_0117,source_players_txt_iheartdisraptor,player_character_association,player_group,player_0117,Irogla; Erewiel are listed together as characters associated with Irogla,"Irogla, Erewiel - nothing special",parsed grouped entry,,,,undated_source,medium,nothing special
evidence_player_group_0118,source_players_txt_iheartdisraptor,player_character_association,player_group,player_0118,Khamasin; Piow; Vatsayana are listed together as characters associated with Khamasin,"Khamasin, Piow, Vatsayana - nothing special",parsed grouped entry,,,,undated_source,medium,nothing special
evidence_player_group_0119,source_players_txt_iheartdisraptor,player_character_association,player_group,player_0119,Zeus; Ellara; Clangedin; Kharas; Sehanine; Khelben; Semirhage; Gruumsh; Iyachtu; Sharaaz; Baghtru; Rhobe; Rhand are listed together as characters associated with Zeus,"Zeus, Ellara, Clangedin, Kharas, Sehanine, Khelben, Semirhage, Gruumsh, Iyachtu, Sharaaz, Baghtru, Rhobe, Rhand - nothing special",parsed grouped entry,,,,undated_source,medium,nothing special
evidence_player_group_0120,source_players_txt_iheartdisraptor,player_character_association,player_group,player_0120,Nerf; Arkady are listed together as characters associated with Nerf,"Nerf, Arkady - nothing special",parsed grouped entry,,,,undated_source,medium,nothing special
evidence_player_group_0121,source_players_txt_iheartdisraptor,player_character_association,player_group,player_0121,Merlin; Carl; Balder; Oualid; Dryg are listed together as characters associated with Merlin,"Merlin, Carl, Balder, Oualid, Dryg - nothing special",parsed grouped entry,,,,undated_source,medium,nothing special
evidence_player_group_0122,source_players_txt_iheartdisraptor,player_character_association,player_group,player_0122,Toin; Kess; Kesstor are listed together as characters associated with Toin,"Toin, Kess, Kesstor - nothing special",parsed grouped entry,,,,undated_source,medium,nothing special
evidence_player_group_0123,source_players_txt_iheartdisraptor,player_character_association,player_group,player_0123,Gattling; Carib are listed together as characters associated with Gattling,"Gattling, Carib - nicelinked (.lth.se)",parsed grouped entry,,,,undated_source,medium,nicelinked (.lth.se)
evidence_player_group_0124,source_players_txt_iheartdisraptor,player_character_association,player_group,player_0124,Sloo; Cyclaw; Azylic are listed together as characters associated with Sloo,"Sloo, Cyclaw, Azylic - nothing special",parsed grouped entry,,,,undated_source,medium,nothing special
evidence_player_group_0125,source_players_txt_iheartdisraptor,player_character_association,player_group,player_0125,Ausir; Ilmarin; Elirion; Hoeth; Laurelin; Fui; Kardagash; Rodothlim are listed together as characters associated with Ausir,"Ausir, Ilmarin, Elirion, Hoeth, Laurelin, Fui, Kardagash, Rodothlim - nothing special",parsed grouped entry,,,,undated_source,medium,nothing special
evidence_player_group_0126,source_players_txt_iheartdisraptor,player_character_association,player_group,player_0126,Deris; Amarant; Grak; Pinion; Thrak; Snicker; Vortex; Ghourne are listed together as characters associated with Deris,"Deris, Amarant, Grak, Pinion, Thrak, Snicker, Vortex, Ghourne - averagelinked (USA)",parsed grouped entry,,,,undated_source,medium,averagelinked (USA)
evidence_player_group_0127,source_players_txt_iheartdisraptor,player_character_association,player_group,player_0127,Almarian; Meneldur are listed together as characters associated with Almarian,"Almarian, Meneldur - nothing special",parsed grouped entry,,,,undated_source,medium,nothing special
evidence_player_group_0128,source_players_txt_iheartdisraptor,player_character_association,player_group,player_0128,Bornack; Rackhir; Khawin; Horus; Baalrukh; Lombur are listed together as characters associated with Bornack [Fredrik],"[Fredrik] Bornack, Rackhir, Khawin, Horus, Baalrukh, Lombur - nicelinked (.se)",parsed grouped entry,,,,undated_source,medium,nicelinked (.se)
evidence_player_group_0129,source_players_txt_iheartdisraptor,player_character_association,player_group,player_0129,Liliah; Zanetha; Gobbler; Hatred; Khreth; Ochra are listed together as characters associated with Liliah,"Liliah, Zanetha, Gobbler, Hatred, Khreth, Ochra - nothing special",parsed grouped entry,,,,undated_source,medium,nothing special
evidence_player_group_0130,source_players_txt_iheartdisraptor,player_character_association,player_group,player_0130,Hate; Andore; Artigor; Nestha; Iolo are listed together as characters associated with Hate,"-Hate, Andore, Artigor, Nestha, Iolo - nothing special",parsed grouped entry,,,,undated_source,medium,nothing special
evidence_player_group_0131,source_players_txt_iheartdisraptor,player_character_association,player_group,player_0131,Feagil; Gabil; Shala; Bashy; Famine; Uzbad; Agannalo; Curufinwe are listed together as characters associated with Feagil,"Feagil, Gabil, Shala, Bashy, Famine, Uzbad, Agannalo, Curufinwe - linklesskills sometimes, rarely warlord",parsed grouped entry,,,,undated_source,medium,"linklesskills sometimes, rarely warlord"
evidence_player_group_0132,source_players_txt_iheartdisraptor,player_character_association,player_group,player_0132,Shagrath; Silenoz; Lasombra; Mortis; Ishant are listed together as characters associated with Shagrath,"-Shagrath, Silenoz, Lasombra, Mortis, Ishant - nicelinked (.cz)",parsed grouped entry,,,,undated_source,medium,nicelinked (.cz)
evidence_player_group_0133,source_players_txt_iheartdisraptor,player_character_association,player_group,player_0133,Jerpa; Arakon are listed together as characters associated with Jerpa,"Jerpa, Arakon - nothing special",parsed grouped entry,,,,undated_source,medium,nothing special
evidence_player_group_0134,source_players_txt_iheartdisraptor,player_character_association,player_group,player_0134,Chauncey; Plato; Mors; Neo; Sloth; Tim; Forrest; Kessloth; Beogul are listed together as characters associated with Chauncey,"Chauncey, Plato, Mors, Neo, Sloth, Tim, Forrest, Kessloth, Beogul - averagelinked (USA)",parsed grouped entry,,,,undated_source,medium,averagelinked (USA)
evidence_player_group_0135,source_players_txt_iheartdisraptor,player_character_association,player_group,player_0135,Temegl; Erkzup; Cootafides; Yagara; Lirathe; Daalil are listed together as characters associated with Temegl,"Temegl, Erkzup, Cootafides, Yagara, Lirathe, Daalil - nothing special",parsed grouped entry,,,,undated_source,medium,nothing special
evidence_player_group_0136,source_players_txt_iheartdisraptor,player_character_association,player_group,player_0136,Francis; Friso; Ashmash; Alderik; Qwestus; Qwestux; Rik are listed together as characters associated with Francis,"Francis, Friso, Ashmash, Alderik, Qwestus, Qwestux, Rik - nothing special",parsed grouped entry,,,,undated_source,medium,nothing special
evidence_player_group_0137,source_players_txt_iheartdisraptor,player_character_association,player_group,player_0137,Tear; Shravl; Draghkar; Gilmandir are listed together as characters associated with Tear,"-Tear, Shravl, Draghkar, Gilmandir - nicelinked (.se)",parsed grouped entry,,,,undated_source,medium,nicelinked (.se)
evidence_player_group_0138,source_players_txt_iheartdisraptor,player_character_association,player_group,player_0138,Lochdale; Glendale; Dliador; Arkine; Chudwicki are listed together as characters associated with Lochdale [Donal],"[Donal] Lochdale, Glendale, Dliador, Arkine, Chudwicki - nothing special",parsed grouped entry,,,,undated_source,medium,nothing special
evidence_player_group_0139,source_players_txt_iheartdisraptor,player_character_association,player_group,player_0139,Naga; Lina; Amelia; Lowanda; Dombur; Azalyn; Winnie; Feorwyn; Sakura; Nooka; Linara; Starsa; Ranna; Rorka; Xelloss; Valgarv; Filia; Valkyrie are listed together as characters associated with Naga,"Naga, Lina, Amelia, Lowanda, Dombur, Azalyn, Winnie, Feorwyn, Sakura, Nooka, Linara, Starsa, Ranna, Rorka, Xelloss, Valgarv, Filia, Valkyrie - nicelinked (.be)",parsed grouped entry,,,,undated_source,medium,nicelinked (.be)
evidence_player_group_0140,source_players_txt_iheartdisraptor,player_character_association,player_group,player_0140,Spud; Tragikomix; Krkavec; Moby are listed together as characters associated with Spud,"Spud, Tragikomix, Krkavec, Moby - nicelinked (.cz), doesn't kill linkless/ linkfrozen",parsed grouped entry,,,,undated_source,medium,"nicelinked (.cz), doesn't kill linkless/ linkfrozen"
evidence_player_group_0141,source_players_txt_iheartdisraptor,player_character_association,player_group,player_0141,Mastah; Meliza; Mishrak; Mordak; Naomi; Notorga are listed together as characters associated with Mastah [Christian],"[Christian] Mastah, Meliza, Mishrak, Mordak, Naomi, Notorga - nicelinked (.se), wimpy",parsed grouped entry,,,,undated_source,medium,"nicelinked (.se), wimpy"
evidence_player_group_0142,source_players_txt_iheartdisraptor,player_character_association,player_group,player_0142,Ethar; Molak; Throk; Zroi; Elayne; Galerech are listed together as characters associated with Ethar,"Ethar, Molak, Throk, Zroi, Elayne, Galerech - nothing special",parsed grouped entry,,,,undated_source,medium,nothing special
evidence_player_group_0143,source_players_txt_iheartdisraptor,player_character_association,player_group,player_0143,Djinn; Tiamat; Zygmud; Eladamri are listed together as characters associated with Djinn,"Djinn, Tiamat, Zygmud, Eladamri - nicelinked (.be)",parsed grouped entry,,,,undated_source,medium,nicelinked (.be)
evidence_player_group_0144,source_players_txt_iheartdisraptor,player_character_association,player_group,player_0144,Jones; Pontu; Bok are listed together as characters associated with Jones,"Jones, Pontu, Bok - nicelinked (.ee)",parsed grouped entry,,,,undated_source,medium,nicelinked (.ee)
evidence_player_group_0145,source_players_txt_iheartdisraptor,player_character_association,player_group,player_0145,Rebeka; Sofinia; Mrazik; Lefali are listed together as characters associated with Rebeka,"-Rebeka, Sofinia, Mrazik, Lefali - nicelinked (.cz)",parsed grouped entry,,,,undated_source,medium,nicelinked (.cz)
evidence_player_group_0146,source_players_txt_iheartdisraptor,player_character_association,player_group,player_0146,Dorfl; Tasslehoff; Jarlaxle; Zhorgas are listed together as characters associated with Dorfl,"Dorfl, Tasslehoff, Jarlaxle, Zhorgas - nothing special",parsed grouped entry,,,,undated_source,medium,nothing special
evidence_player_group_0147,source_players_txt_iheartdisraptor,player_character_association,player_group,player_0147,Girithol; Jeakoth; Mogshak are listed together as characters associated with Girithol,"Girithol, Jeakoth, Mogshak - averagelinked (USA)",parsed grouped entry,,,,undated_source,medium,averagelinked (USA)
evidence_player_group_0148,source_players_txt_iheartdisraptor,player_character_association,player_group,player_0148,Ytinas; Natash; Rippin; Freight are listed together as characters associated with Ytinas,"Ytinas, Natash, Rippin, Freight - goodlinked (.nl)",parsed grouped entry,,,,undated_source,medium,goodlinked (.nl)
evidence_player_group_0149,source_players_txt_iheartdisraptor,player_character_association,player_group,player_0149,Miser; Nuzo; Xagok; Deacon are listed together as characters associated with Miser,"Miser, Nuzo, Xagok, Deacon - averagelinked (.ca)",parsed grouped entry,,,,undated_source,medium,averagelinked (.ca)
evidence_player_group_0150,source_players_txt_iheartdisraptor,player_character_association,player_group,player_0150,Aseff; Beleghir; Singha; Kalkano are listed together as characters associated with Aseff,"Aseff, Beleghir, Singha, Kalkano - averagelinked (USA)",parsed grouped entry,,,,undated_source,medium,averagelinked (USA)
evidence_player_group_0151,source_players_txt_iheartdisraptor,player_character_association,player_group,player_0151,Poppis; Spinner; Risp are listed together as characters associated with Poppis,"Poppis, Spinner, Risp - nicelinked (.fi)",parsed grouped entry,,,,undated_source,medium,nicelinked (.fi)
evidence_player_group_0152,source_players_txt_iheartdisraptor,player_character_association,player_group,player_0152,Celo; Dominic; Maverick; S in; Xel are listed together as characters associated with Celo,"-Celo, Dominic, Maverick, S in, Xel - averagelinked (USA)",parsed grouped entry,,,,undated_source,medium,averagelinked (USA)
evidence_player_group_0153,source_players_txt_iheartdisraptor,player_character_association,player_group,player_0153,Gloha; Illyas; Rafa; Torq; Gamli; Seethe; Mecra are listed together as characters associated with Gloha,"Gloha, Illyas, Rafa, Torq, Gamli, Seethe, Mecra - badlinked (.au)",parsed grouped entry,,,,undated_source,medium,badlinked (.au)
evidence_player_group_0154,source_players_txt_iheartdisraptor,player_character_association,player_group,player_0154,Bishn�k; Galurin; Narf; Rotho; Tora; Trobo; Uriond; Vr�sh are listed together as characters associated with Bishn�k [Eric],"-[Eric] Bishn�k, Galurin, Narf, Rotho, Tora, Trobo, Uriond, Vr�sh - averagelinked (USA)",parsed grouped entry,,,,undated_source,medium,averagelinked (USA)
evidence_player_group_0155,source_players_txt_iheartdisraptor,player_character_association,player_group,player_0155,Bellows; Betty; Blob; Friar; Illusia; Juggles; Kestrel; Melanchre; Spiritus are listed together as characters associated with Bellows [Matt],"[Matt] Bellows, Betty, Blob, Friar, Illusia, Juggles, Kestrel, Melanchre, Spiritus - averagelinked (USA)",parsed grouped entry,,,,undated_source,medium,averagelinked (USA)
evidence_player_group_0156,source_players_txt_iheartdisraptor,player_character_association,player_group,player_0156,Kogan; Zina; Wurzl; Kviea are listed together as characters associated with Kogan,"Kogan, Zina, Wurzl, Kviea - goodlinked (.de)",parsed grouped entry,,,,undated_source,medium,goodlinked (.de)
evidence_player_group_0157,source_players_txt_iheartdisraptor,player_character_association,player_group,player_0157,Dorolff; Martijn; Reijki; Wobbit are listed together as characters associated with Dorolff,"Dorolff, Martijn, Reijki, Wobbit  - (.nl)",parsed grouped entry,,,,undated_source,medium,(.nl)
evidence_player_group_0158,source_players_txt_iheartdisraptor,player_character_association,player_group,player_0158,Ainafea; Dafur; Eliwe; Fenir; Halas; Knold; Ranhith; Thoronwe are listed together as characters associated with Ainafea,"Ainafea, Dafur, Eliwe, Fenir, Halas, Knold, Ranhith, Thoronwe - nicelinked (.dk)",parsed grouped entry,,,,undated_source,medium,nicelinked (.dk)
evidence_player_group_0159,source_players_txt_iheartdisraptor,player_character_association,player_group,player_0159,Beorel; Elenwe; Erowyn; Gauruk; Gimilzor; Glader; Imlis; Qiuram; Ulkaar are listed together as characters associated with Beorel,"Beorel, Elenwe, Erowyn, Gauruk, Gimilzor, Glader, Imlis, Qiuram, Ulkaar - nicelinked (.se)",parsed grouped entry,,,,undated_source,medium,nicelinked (.se)
evidence_player_group_0160,source_players_txt_iheartdisraptor,player_character_association,player_group,player_0160,Krax; Rentera are listed together as characters associated with Krax,"Krax, Rentera - nothing special",parsed grouped entry,,,,undated_source,medium,nothing special
evidence_player_group_0161,source_players_txt_iheartdisraptor,player_character_association,player_group,player_0161,Halir; Belzedin; Elemur; Gimlung; Glamduril; Mengaz; Mojo; Rumble; Slobber; Theofur; Uber are listed together as characters associated with Halir,"Halir, Belzedin, Elemur, Gimlung, Glamduril, Mengaz, Mojo, Rumble, Slobber, Theofur, Uber - averagelinked (.ca)",parsed grouped entry,,,,undated_source,medium,averagelinked (.ca)
evidence_player_group_0162,source_players_txt_iheartdisraptor,player_character_association,player_group,player_0162,Hudson; Bimulo; Sharg are listed together as characters associated with Hudson,"Hudson, Bimulo and Sharg - (.fr)",parsed grouped entry,,,,undated_source,medium,(.fr)
evidence_player_group_0163,source_players_txt_iheartdisraptor,player_character_association,player_group,player_0163,Leave; Alfo are listed together as characters associated with Leave,"Leave, Alfo - linklesskills sometimes",parsed grouped entry,,,,undated_source,medium,linklesskills sometimes
evidence_player_group_0164,source_players_txt_iheartdisraptor,player_character_association,player_group,player_0164,Gobakapp; Gena; Turim are listed together as characters associated with Gobakapp,"Gobakapp, Gena, Turim - linklesskills sometimes",parsed grouped entry,,,,undated_source,medium,linklesskills sometimes
evidence_player_group_0165,source_players_txt_iheartdisraptor,player_character_association,player_group,player_0165,Athela; Cymoril; Killdare; Morbet; Mruah; Pontiac; Popeye; Rumptsais are listed together as characters associated with Athela,"Athela, Cymoril, Killdare, Morbet, Mruah, Pontiac, Popeye, Rumptsais - nicelinked (.ee)",parsed grouped entry,,,,undated_source,medium,nicelinked (.ee)
evidence_player_group_0166,source_players_txt_iheartdisraptor,player_character_association,player_group,player_0166,Bodhran; Boot; Cryl; Cylas; Johhaidii; Keno; Kroom; Minos; Monet; Osilin; Sabish are listed together as characters associated with Bodhran,"Bodhran, Boot, Cryl, Cylas, Johhaidii, Keno, Kroom, Minos, Monet, Osilin, Sabish - nicelinked (.ee)",parsed grouped entry,,,,undated_source,medium,nicelinked (.ee)
evidence_player_group_0167,source_players_txt_iheartdisraptor,player_character_association,player_group,player_0167,Eloin; Vaim; Lei are listed together as characters associated with Eloin,"Eloin, Vaim, Lei - nothing special",parsed grouped entry,,,,undated_source,medium,nothing special
evidence_player_group_0168,source_players_txt_iheartdisraptor,player_character_association,player_group,player_0168,Linar; Waba; Gamram; Hele are listed together as characters associated with Linar,"Linar, Waba, Gamram, Hele - (.be)",parsed grouped entry,,,,undated_source,medium,(.be)
evidence_player_group_0169,source_players_txt_iheartdisraptor,player_character_association,player_group,player_0169,Jadon; Kade; Kaool; Khakis; Nazkuk; Odium; Ukuvul are listed together as characters associated with Jadon,"Jadon, Kade, Kaool, Khakis, Nazkuk, Odium, Ukuvul - USA, nicelinked though (playing from .ch atm)",parsed grouped entry,,,,undated_source,medium,"USA, nicelinked though (playing from .ch atm)"
evidence_player_group_0170,source_players_txt_iheartdisraptor,player_character_association,player_group,player_0170,Guido; Juss; Khuka; Olevipoeg are listed together as characters associated with Guido,"Guido, Juss, Khuka, Olevipoeg - (.ee)",parsed grouped entry,,,,undated_source,medium,(.ee)
evidence_player_group_0171,source_players_txt_iheartdisraptor,player_character_association,player_group,player_0171,Lurken; Arla; Burst are listed together as characters associated with Lurken [Simon],"[Simon] Lurken, Arla, Burst - nicelinked (.se), warlord in the past",parsed grouped entry,,,,undated_source,medium,"nicelinked (.se), warlord in the past"
evidence_player_group_0172,source_players_txt_iheartdisraptor,player_character_association,player_group,player_0172,Agattax; Asanda; Bramba; Elenril are listed together as characters associated with Agattax [Robin],"[Robin] Agattax, Asanda, Bramba, Elenril - (.se), labbie of p(Thilax), sometimes warlord",parsed grouped entry,,,,undated_source,medium,"(.se), labbie of p(Thilax), sometimes warlord"
evidence_player_group_0173,source_players_txt_iheartdisraptor,player_character_association,player_group,player_0173,Durcano; Kobold; Nomad; Kocano are listed together as characters associated with Durcano [Remo],"[Remo] Durcano, Kobold, Nomad, Kocano - (.ee), warlord",parsed grouped entry,,,,undated_source,medium,"(.ee), warlord"
evidence_player_group_0174,source_players_txt_iheartdisraptor,player_character_association,player_group,player_0174,Angrenfea; Borgash; Ernst; Khadum; Plancy; Potgins; Tharain are listed together as characters associated with Angrenfea [Toivo],"*[Toivo] Angrenfea, Borgash, Ernst, Khadum, Plancy, Potgins, Tharain - (.ee)",parsed grouped entry,,,,undated_source,medium,(.ee)
evidence_player_group_0175,source_players_txt_iheartdisraptor,player_character_association,player_group,player_0175,Vaab; Celt; Fahil; Unoc; Berlal; Nogon; Arnoc are listed together as characters associated with Vaab [Joey],"[Joey] Vaab, Celt, Fahil, Unoc, Berlal, Nogon, Arnoc - (USA)",parsed grouped entry,,,,undated_source,medium,(USA)
evidence_player_group_0176,source_players_txt_iheartdisraptor,player_character_association,player_group,player_0176,Beltira; Cenedra; Milzok; Miyahk; Moortek; Much; Rulla are listed together as characters associated with Beltira [Erik],"[Erik] Beltira, Cenedra, Milzok, Miyahk, Moortek, Much, Rulla - (.se)",parsed grouped entry,,,,undated_source,medium,(.se)
evidence_player_group_0177,source_players_txt_iheartdisraptor,player_character_association,player_group,player_0177,Bearclaw; Bruise; Shadoh; Teejay; Tri are listed together as characters associated with Bearclaw,"Bearclaw, Bruise, Shadoh, Teejay, Tri - (USA), brother of p(Nagoroth)",parsed grouped entry,,,,undated_source,medium,"(USA), brother of p(Nagoroth)"
evidence_player_group_0178,source_players_txt_iheartdisraptor,player_character_association,player_group,player_0178,Nagoroth; Langolier; Baradul; Zar are listed together as characters associated with Nagoroth [Steve],"[Steve] Nagoroth, Langolier, Baradul, Zar - (USA), pretty immature person, brother of p(Teejay)",parsed grouped entry,,,,undated_source,medium,"(USA), pretty immature person, brother of p(Teejay)"
evidence_player_group_0179,source_players_txt_iheartdisraptor,player_character_association,player_group,player_0179,Delfi; Vasa; Uffe; Cotc; Endor; Foad; Kalevala; Mauna; Rendra are listed together as characters associated with Delfi [Per],"[Per] Delfi, Vasa, Uffe, Cotc, Endor, Foad, Kalevala, Mauna, Rendra - (.se)",parsed grouped entry,,,,undated_source,medium,(.se)
evidence_player_group_0180,source_players_txt_iheartdisraptor,player_character_association,player_group,player_0180,Evandaar; Joan; Razoor; Shaolin; Thezi; Valandar; Anezka are listed together as characters associated with Evandaar [Daniel],"[Daniel] Evandaar, Joan, Razoor, Shaolin, Thezi, Valandar, Anezka - (.se)",parsed grouped entry,,,,undated_source,medium,(.se)
evidence_player_group_0181,source_players_txt_iheartdisraptor,player_character_association,player_group,player_0181,Ancra; Eidolon; Eirin; Mhur; Naksur; Valeria; Viclona; Zilkis are listed together as characters associated with Ancra [Harry],"-[Harry] Ancra, Eidolon, Eirin, Mhur, Naksur, Valeria, Viclona, Zilkis - (.ee)",parsed grouped entry,,,,undated_source,medium,(.ee)
evidence_player_group_0182,source_players_txt_iheartdisraptor,player_character_association,player_group,player_0182,Pumuckl; Eder; Nightwolf; Deedoo are listed together as characters associated with Pumuckl,"Pumuckl, Eder, Nightwolf, Deedoo - averagelinked",parsed grouped entry,,,,undated_source,medium,averagelinked
evidence_player_group_0183,source_players_txt_iheartdisraptor,player_character_association,player_group,player_0183,Dizz; Glithraril; Thilax; Valkyria are listed together as characters associated with Dizz [Tomas],"-[Tomas] Dizz, Glithraril, Thilax, Valkyria - (.se), labbie of p(Elenril)",parsed grouped entry,,,,undated_source,medium,"(.se), labbie of p(Elenril)"
evidence_player_group_0184,source_players_txt_iheartdisraptor,player_character_association,player_group,player_0184,Elistan; Brumbur; Doomer are listed together as characters associated with Elistan,"Elistan, Brumbur, Doomer - (USA)",parsed grouped entry,,,,undated_source,medium,(USA)
evidence_player_group_0185,source_players_txt_iheartdisraptor,player_character_association,player_group,player_0185,Buggar; Drazgan; Durandir; Luingil; Morgil; Nazgoroth; Spiffdark; Adama are listed together as characters associated with Buggar [Adam],"[Adam] Buggar, Drazgan, Durandir, Luingil, Morgil, Nazgoroth, Spiffdark, Adama - (.se)",parsed grouped entry,,,,undated_source,medium,(.se)
evidence_player_group_0186,source_players_txt_iheartdisraptor,player_character_association,player_group,player_0186,Hanr; Bruni; Lote; Arelia are listed together as characters associated with Hanr,"Hanr, Bruni, Lote, Arelia - (.ee)",parsed grouped entry,,,,undated_source,medium,(.ee)
evidence_player_group_0187,source_players_txt_iheartdisraptor,player_character_association,player_group,player_0187,Cano; Cerion; Hrym; Marras; Sookoll; Sufur; Telith are listed together as characters associated with Cano [Tanel],"[Tanel] Cano, Cerion, Hrym, Marras, Sookoll, Sufur, Telith - (.ee), sometimes warlord",parsed grouped entry,,,,undated_source,medium,"(.ee), sometimes warlord"
evidence_player_group_0188,source_players_txt_iheartdisraptor,player_character_association,player_group,player_0188,Aiele; Anardil; Eckhart; Enso; Korek; Marroc; Silencio; Vishnak; Vold are listed together as characters associated with Aiele [Joel],"[Joel] Aiele, Anardil, Eckhart, Enso, Korek, Marroc, Silencio, Vishnak, Vold - (.se), sometimes warlord",parsed grouped entry,,,,undated_source,medium,"(.se), sometimes warlord"
evidence_player_group_0189,source_players_txt_iheartdisraptor,player_character_association,player_group,player_0189,Merlyn; Royal; Rakot are listed together as characters associated with Merlyn [Maxim],"[Maxim] Merlyn, Royal, Rakot - nicelinked, plays usually solo, warlord in the past",parsed grouped entry,,,,undated_source,medium,"nicelinked, plays usually solo, warlord in the past"
evidence_player_group_0190,source_players_txt_iheartdisraptor,player_character_association,player_group,player_0190,Gray; Candid; Santana; Corvin; Varvar; Ulairy; Vugluskr; Orkanoid are listed together as characters associated with Gray [Gray],"[Gray] Gray, Candid, Santana, Corvin, Varvar, Ulairy, Vugluskr, Orkanoid - goodlinked, most time plays solo or as leader in group, very careful, info-hoarder, helpful but proud, never roleplays",parsed grouped entry,,,,undated_source,medium,"goodlinked, most time plays solo or as leader in group, very careful, info-hoarder, helpful but proud, never roleplays"
evidence_player_group_0191,source_players_txt_iheartdisraptor,player_character_association,player_group,player_0191,Haity are listed together as characters associated with Haity [Haity],[Haity] Haity - doesn't play anymore...,parsed grouped entry,,,,undated_source,medium,doesn't play anymore...
evidence_player_group_0192,source_players_txt_iheartdisraptor,player_character_association,player_group,player_0192,Moonshade; Estel; Silmarin; Itil; Holg; Ostu; Saemo; San; Astar; Holy; Jelly; Hatch; Nuri are listed together as characters associated with Moonshade [Alex],"[Alex] Moonshade, Estel, Silmarin, Itil, Holg, Ostu, Saemo, San, Astar, Holy, Jelly, Hatch, Nuri - nicelinked, risky, have lotsa time to play, warlord, sometimes #1",parsed grouped entry,,,,undated_source,medium,"nicelinked, risky, have lotsa time to play, warlord, sometimes #1"
evidence_player_group_0193,source_players_txt_iheartdisraptor,player_character_association,player_group,player_0193,Ariala; Centurion; Arhar; Baltimor are listed together as characters associated with Ariala [Sandman],"[Sandman] Ariala, Centurion, Arhar, Baltimor - goodlinked, close to berserk, one who plays more than three years, but still have newbie skill ;)",parsed grouped entry,,,,undated_source,medium,"goodlinked, close to berserk, one who plays more than three years, but still have newbie skill ;)"
evidence_player_group_0194,source_players_txt_iheartdisraptor,player_character_association,player_group,player_0194,Morfizm; Kiska; Oiri; Eto; Aew; Lutien; Moci; Johnie are listed together as characters associated with Morfizm [Dmitry],"[Dmitry] Morfizm, Kiska, Oiri, Eto, Aew, Lutien, Moci, Johnie - average-linked, ""game is fun"", nothing else special",parsed grouped entry,,,,undated_source,medium,"average-linked, ""game is fun"", nothing else special"
evidence_player_group_0195,source_players_txt_iheartdisraptor,player_character_association,player_group,player_0195,Porien; Druin; Finadriel; Vasilisa; Azazello; Woland; Kochurma; Ennor; Vsevolod are listed together as characters associated with Porien [Dmitry],"[Dmitry] Porien, Druin, Finadriel, Vasilisa, Azazello, Woland, Kochurma, Ennor, Vsevolod - labbie of p(Zmej)/p(Zomb), risky, warlord",parsed grouped entry,,,,undated_source,medium,"labbie of p(Zmej)/p(Zomb), risky, warlord"
evidence_player_group_0196,source_players_txt_iheartdisraptor,player_character_association,player_group,player_0196,Zomb; Borodjavka; Tanc; Zlo; Stolb; Kazadoe are listed together as characters associated with Zomb [Andrjuha],"[Andrjuha] Zomb, Borodjavka, Tanc, Zlo, Stolb, Kazadoe - brother&labbie of p(Zmej)",parsed grouped entry,,,,undated_source,medium,brother&labbie of p(Zmej)
evidence_player_group_0197,source_players_txt_iheartdisraptor,player_character_association,player_group,player_0197,Zmej; Mephistofel; Teufel; Zopa; Vip; Pahan; Vij; Babai are listed together as characters associated with Zmej [Leha],"[Leha] Zmej, Mephistofel, Teufel, Zopa, Vip, Pahan, Vij, Babai - brother&labbie of p(Zomb)",parsed grouped entry,,,,undated_source,medium,brother&labbie of p(Zomb)
evidence_player_group_0198,source_players_txt_iheartdisraptor,player_character_association,player_group,player_0198,Fisben; Glebus; Delandir; Ali; Haisam; Zhuk; Piastr; Ray; Gauldoth; Ivanushka are listed together as characters associated with Fisben [Gleb],"[Gleb] Fisben, Glebus, Delandir, Ali, Haisam, Zhuk, Piastr, Ray, Gauldoth, Ivanushka - nothing special",parsed grouped entry,,,,undated_source,medium,nothing special
evidence_player_group_0199,source_players_txt_iheartdisraptor,player_character_association,player_group,player_0199,Roman; Mazai; Folko; Blyn; Gazel; Murzilka; Belrun; Haladdin; Bearnas; Trori; Plohish; Elrun; Grino; Tervin; Moroz; Rio; Dushegub are listed together as characters associated with Roman [Roman],"[Roman] Roman, Mazai, Folko, Blyn, Gazel, Murzilka, Belrun, Haladdin, Bearnas, Trori, Plohish, Elrun, Grino, Tervin, Moroz, Rio, Dushegub - nicelinked (.ee), #1 warlord in the past",parsed grouped entry,,,,undated_source,medium,"nicelinked (.ee), #1 warlord in the past"
evidence_player_group_0200,source_players_txt_iheartdisraptor,player_character_association,player_group,player_0200,Helga; Forve; Koer; Tandada; Molor; Aaz; Nothing; Kunduk; Olmer; Padla; Svarog; Bloha are listed together as characters associated with Helga [Aleks],"[Aleks] Helga, Forve, Koer, Tandada, Molor, Aaz, Nothing, Kunduk, Olmer, Padla, Svarog, Bloha - nicelinked (.ee)",parsed grouped entry,,,,undated_source,medium,nicelinked (.ee)
evidence_player_group_0201,source_players_txt_iheartdisraptor,player_character_association,player_group,player_0201,Omen; Findo; Zeddicus; Scorpio; Zorrak; Falanor; Dell; Teomyr; Badur; Elian; Shaitan; Alazar are listed together as characters associated with Omen [Alexander],"[Alexander] Omen, Findo, Zeddicus, Scorpio, Zorrak, Falanor, Dell, Teomyr, Badur, Elian, Shaitan, Alazar - nicelinked (.ee)",parsed grouped entry,,,,undated_source,medium,nicelinked (.ee)
evidence_player_group_0202,source_players_txt_iheartdisraptor,player_character_association,player_group,player_0202,Cerleg; Perun; Gad are listed together as characters associated with Cerleg [Alex],"[Alex] Cerleg, Perun, Gad - goodlinked (.ee), plays darkies only",parsed grouped entry,,,,undated_source,medium,"goodlinked (.ee), plays darkies only"
evidence_player_group_0203,source_players_txt_iheartdisraptor,player_character_association,player_group,player_0203,Lada are listed together as characters associated with Lada [Ilona],[Ilona] Lada - nothing special,parsed grouped entry,,,,undated_source,medium,nothing special
evidence_player_group_0204,source_players_txt_iheartdisraptor,player_character_association,player_group,player_0204,Userbius are listed together as characters associated with Userbius [Yaroslav],"[Yaroslav] Userbius - former p(Tonto), came back after long break",parsed grouped entry,,,,undated_source,medium,"former p(Tonto), came back after long break"
evidence_player_group_0205,source_players_txt_iheartdisraptor,player_character_association,player_group,player_0205,Fearendil are listed together as characters associated with Fearendil [Dmitry],[Dmitry] Fearendil - nothing special,parsed grouped entry,,,,undated_source,medium,nothing special
evidence_player_group_0206,source_players_txt_iheartdisraptor,player_character_association,player_group,player_0206,Kamlakh are listed together as characters associated with Kamlakh [Victoria],[Victoria] Kamlakh - nothing special,parsed grouped entry,,,,undated_source,medium,nothing special
evidence_player_group_0207,source_players_txt_iheartdisraptor,player_character_association,player_group,player_0207,Ibis; Malysh; Khodum are listed together as characters associated with Ibis,"Ibis, Malysh, Khodum - nothing special",parsed grouped entry,,,,undated_source,medium,nothing special
evidence_player_group_0208,source_players_txt_iheartdisraptor,player_character_association,player_group,player_0208,Anton; Fortran; Bian; Lisp; Perl are listed together as characters associated with Anton [Anton],"[Anton] Anton, Fortran, Bian, Lisp, Perl - nothing special",parsed grouped entry,,,,undated_source,medium,nothing special
evidence_player_group_0209,source_players_txt_iheartdisraptor,player_character_association,player_group,player_0209,Daren; Naroc are listed together as characters associated with Daren,"Daren, Naroc - moved to .au now",parsed grouped entry,,,,undated_source,medium,moved to .au now
evidence_player_group_0210,source_players_txt_iheartdisraptor,player_character_association,player_group,player_0210,Tanelorn are listed together as characters associated with Tanelorn,Tanelorn - nothing special,parsed grouped entry,,,,undated_source,medium,nothing special
evidence_player_group_0211,source_players_txt_iheartdisraptor,player_character_association,player_group,player_0211,Rohic; Rohik; Rohick; Roxik are listed together as characters associated with Rohic [Rohik],"[Rohik] Rohic, Rohik, Rohick, Roxik - nothing special",parsed grouped entry,,,,undated_source,medium,nothing special
evidence_player_group_0212,source_players_txt_iheartdisraptor,player_character_association,player_group,player_0212,Rabarbar; Niilit; Baraban; Bogodur are listed together as characters associated with Rabarbar [Mihail],"[Mihail] Rabarbar, Niilit, Baraban, Bogodur - nothing special",parsed grouped entry,,,,undated_source,medium,nothing special
evidence_player_group_0213,source_players_txt_iheartdisraptor,player_character_association,player_group,player_0213,Sibur; Henduil; Taelo; Mekul are listed together as characters associated with Sibur [Maxim],"[Maxim] Sibur, Henduil, Taelo, Mekul - nothing special",parsed grouped entry,,,,undated_source,medium,nothing special
evidence_player_group_0214,source_players_txt_iheartdisraptor,player_character_association,player_group,player_0214,Avenir are listed together as characters associated with Avenir,Avenir - nothing special,parsed grouped entry,,,,undated_source,medium,nothing special
evidence_player_group_0215,source_players_txt_iheartdisraptor,player_character_association,player_group,player_0215,Boroda; Umnik; Dranj are listed together as characters associated with Boroda,"Boroda, Umnik, Dranj - moved to .ca now",parsed grouped entry,,,,undated_source,medium,moved to .ca now
evidence_player_group_0216,source_players_txt_iheartdisraptor,player_character_association,player_group,player_0216,Grunge; Wucheria; Bootyho; Tzanck; Teeny; Eric; Cufdrup; Burzum; Botesia; Tolman; Talson; Sethron; Grunganator; Morphine are listed together as characters associated with Grunge,"Grunge, Wucheria, Bootyho, Tzanck, Teeny, Eric, Cufdrup, Burzum, Botesia, Tolman, Talson, Sethron, Grunganator, Morphine - hothead. His Ricola was bn in whitie skin, was sauronlisted, and now realdied. Tolman sometimes psteals.",parsed grouped entry,,,,undated_source,medium,"hothead. His Ricola was bn in whitie skin, was sauronlisted, and now realdied. Tolman sometimes psteals."
evidence_player_group_0217,source_players_txt_iheartdisraptor,player_character_association,player_group,player_0217,Beat; Brutux; Grand; Lorduk; Lothar; Radegast; Selde; Smitsy; Undolomion are listed together as characters associated with Beat [Joosep],"[Joosep] Beat, Brutux, Grand, Lorduk, Lothar, Radegast, Selde, Smitsy, Undolomion - (.ee), warlord, but became kinda mad and started same-side pkill (usually kills orcs in Warrens as Grand). Now sundied his main char, gained permanent statue though.",parsed grouped entry,,,,undated_source,medium,"(.ee), warlord, but became kinda mad and started same-side pkill (usually kills orcs in Warrens as Grand). Now sundied his main char, gained permanent statue though."
evidence_player_group_0218,source_players_txt_iheartdisraptor,player_character_association,player_group,player_0218,Bodycast are listed together as characters associated with Bodycast,Bodycast - sameside-pkiller,parsed grouped entry,,,,undated_source,medium,sameside-pkiller
evidence_player_group_0219,source_players_txt_iheartdisraptor,player_character_association,player_group,player_0219,Risca; Jandor; Audi; Zoser; Jerle; Kinson are listed together as characters associated with Risca,"Risca, Jandor, Audi, Zoser, Jerle, Kinson - linklesskiller, sameside pkiller",parsed grouped entry,,,,undated_source,medium,"linklesskiller, sameside pkiller"
evidence_player_group_0220,source_players_txt_iheartdisraptor,player_character_association,player_group,player_0220,Strine; Rauko; Yanwe; Grang; Frink; Bajun; Skud; Zoone; Korf are listed together as characters associated with Strine,"Strine, Rauko, Yanwe, Grang, Frink, Bajun, Skud, Zoone, Korf - cruel moron (pstealing via lie/summon), sameside pkiller, kill him on sight.",parsed grouped entry,,,,undated_source,medium,"cruel moron (pstealing via lie/summon), sameside pkiller, kill him on sight."
evidence_player_group_0221,source_players_txt_iheartdisraptor,player_character_association,player_group,player_0221,Delegat are listed together as characters associated with Delegat,Delegat - pstealer,parsed grouped entry,,,,undated_source,medium,pstealer
evidence_player_group_0222,source_players_txt_iheartdisraptor,player_character_association,player_group,player_0222,Mukami; Toku; Wacker; Batpoop; Shashakar are listed together as characters associated with Mukami,"Mukami, Toku, Wacker, Batpoop, Shashakar - psteals as Shashakar",parsed grouped entry,,,,undated_source,medium,psteals as Shashakar
evidence_player_group_0223,source_players_txt_iheartdisraptor,player_character_association,player_group,player_0223,Hated are listed together as characters associated with Hated,Hated - pstealer,parsed grouped entry,,,,undated_source,medium,pstealer
evidence_player_group_0224,source_players_txt_iheartdisraptor,player_character_association,player_group,player_0224,Firewalker are listed together as characters associated with Firewalker,Firewalker - linklesskiller,parsed grouped entry,,,,undated_source,medium,linklesskiller
