character_name,character_id,already_checked,priority,notes
Aalio,char_aalio,false,normal,
Aalok,char_aalok,false,normal,
Aaz,char_aaz,false,normal,
Abraxas,char_abraxas,false,normal,
Acheron,char_acheron,false,normal,
Achilles,char_achilles,false,normal,
Adama,char_adama,false,normal,
Adanedhel,char_adanedhel,false,normal,
Adorable,char_adorable,false,normal,
Aegon,char_aegon,false,normal,
Aew,char_aew,false,normal,
Agan,char_agan,false,normal,
Agannalo,char_agannalo,false,normal,
Agannardu,char_agannardu,false,normal,
Agarakhor,char_agarakhor,false,normal,
Agarde,char_agarde,false,normal,
Agattax,char_agattax,false,normal,
Agent,char_agent,false,normal,
Aglar,char_aglar,false,normal,
Agonor,char_agonor,false,normal,
Aiele,char_aiele,false,normal,
Ainafea,char_ainafea,false,normal,
Ainairos,char_ainairos,false,normal,
Ajax,char_ajax,false,normal,
Akhorahil,char_akhorahil,false,normal,
AlBundy,char_albundy,false,normal,
Alantir,char_alantir,false,normal,
Alazar,char_alazar,false,normal,
Alcion,char_alcion,false,normal,
Alderik,char_alderik,false,normal,
Alf,char_alf,false,normal,
Alfank,char_alfank,false,normal,
Alfo,char_alfo,false,normal,
Alfrim,char_alfrim,false,normal,
Algaron,char_algaron,false,normal,
Alhadar,char_alhadar,false,normal,
Ali,char_ali,false,normal,
Alicia,char_alicia,false,normal,
Alizee,char_alizee,false,normal,
Alkar,char_alkar,false,normal,
Almarian,char_almarian,false,normal,
Alvedon,char_alvedon,false,normal,
Alweon,char_alweon,false,normal,
Amandil,char_amandil,false,normal,
Amantest,char_amantest,false,normal,
Amarant,char_amarant,false,normal,
Amarie,char_amarie,false,normal,
Ambolt,char_ambolt,false,normal,
Amdir,char_amdir,false,normal,
Amelia,char_amelia,false,normal,
Anaconda,char_anaconda,false,normal,
Anardil,char_anardil,false,normal,
Ancalimon,char_ancalimon,false,normal,
Ancra,char_ancra,false,normal,
Andarion,char_andarion,false,normal,
Andore,char_andore,false,normal,
Andris,char_andris,false,normal,
Anezka,char_anezka,false,normal,
Angrenfea,char_angrenfea,false,normal,
AnneilBalkassoon,char_anneilbalkassoon,false,normal,
Anner,char_anner,false,normal,
Annesh,char_annesh,false,normal,
Anolad,char_anolad,false,normal,
Anselmo,char_anselmo,false,normal,
Antar,char_antar,false,normal,
Anton,char_anton,false,normal,
Aragil,char_aragil,false,normal,
Araglas,char_araglas,false,normal,
Arakon,char_arakon,false,normal,
Aram,char_aram,false,normal,
Aranka,char_aranka,false,normal,
Ardent,char_ardent,false,normal,
Arelia,char_arelia,false,normal,
Ares,char_ares,false,normal,
Arglebargle,char_arglebargle,false,normal,
Arhar,char_arhar,false,normal,
Ariakan,char_ariakan,false,normal,
Ariala,char_ariala,false,normal,
Aris,char_aris,false,normal,
Arkady,char_arkady,false,normal,
Arkine,char_arkine,false,normal,
Arla,char_arla,false,normal,
Arn,char_arn,false,normal,
Arnoc,char_arnoc,false,normal,
Aros,char_aros,false,normal,
Arte,char_arte,false,normal,
Artigor,char_artigor,false,normal,
Asanda,char_asanda,false,normal,
Aschit,char_aschit,false,normal,
Aseff,char_aseff,false,normal,
Ashmash,char_ashmash,false,normal,
Asmandeus,char_asmandeus,false,normal,
Assa,char_assa,false,normal,
Astar,char_astar,false,normal,
Athela,char_athela,false,normal,
Atlas,char_atlas,false,normal,
Audi,char_audi,false,normal,
Auriane,char_auriane,false,normal,
Ausir,char_ausir,false,normal,
Avenir,char_avenir,false,normal,
Awesome,char_awesome,false,normal,
Axel,char_axel,false,normal,
Azalyn,char_azalyn,false,normal,
Azazello,char_azazello,true,normal,whois imported from Mudlet archive
Azazhel,char_azazhel,false,normal,
Azg,char_azg,false,normal,
Azhal,char_azhal,false,normal,
Azmodan,char_azmodan,false,normal,
Azylic,char_azylic,false,normal,
Baalrukh,char_baalrukh,false,normal,
Babai,char_babai,false,normal,
Backfire,char_backfire,false,normal,
Badur,char_badur,false,normal,
Bagger,char_bagger,false,normal,
Baghtru,char_baghtru,false,normal,
Bah,char_bah,false,normal,
Bairanax,char_bairanax,false,normal,
Bajun,char_bajun,false,normal,
Balder,char_balder,false,normal,
Baldwin,char_baldwin,false,normal,
Baldy,char_baldy,false,normal,
Balin,char_balin,false,normal,
Balthazar,char_balthazar,false,normal,
Baltimor,char_baltimor,false,normal,
Bambi,char_bambi,false,normal,
Bamsefar,char_bamsefar,false,normal,
Baphomet,char_baphomet,false,normal,
Baraban,char_baraban,false,normal,
Baradul,char_baradul,false,normal,
Barak,char_barak,false,normal,
Baresark,char_baresark,false,normal,
Barlok,char_barlok,false,normal,
Barnes,char_barnes,false,normal,
Basha,char_basha,false,normal,
Bashy,char_bashy,false,normal,
Basta,char_basta,false,normal,
Bastantor,char_bastantor,false,normal,
Bastion,char_bastion,false,normal,
Batar,char_batar,false,normal,
Bates,char_bates,false,normal,
Batpoop,char_batpoop,false,normal,
Baurk,char_baurk,false,normal,
Bearclaw,char_bearclaw,false,normal,
Bearnas,char_bearnas,false,normal,
Beastly,char_beastly,false,normal,
Beat,char_beat,false,normal,
Beleghir,char_beleghir,false,normal,
Belemoth,char_belemoth,false,normal,
Belind,char_belind,false,normal,
Bellows,char_bellows,false,normal,
Belrun,char_belrun,false,normal,
Beltira,char_beltira,false,normal,
Belzagar,char_belzagar,false,normal,
Belzedin,char_belzedin,false,normal,
Beogul,char_beogul,false,normal,
Beorel,char_beorel,false,normal,
Beowulf,char_beowulf,false,normal,
Beremon,char_beremon,false,normal,
Berg,char_berg,false,normal,
Berin,char_berin,false,normal,
Berlal,char_berlal,false,normal,
Beruska,char_beruska,false,normal,
Betty,char_betty,false,normal,
Bian,char_bian,false,normal,
Bianca,char_bianca,false,normal,
Bianthor,char_bianthor,false,normal,
Bifur,char_bifur,false,normal,
Bigge,char_bigge,false,normal,
Bigger,char_bigger,false,normal,
Bijec,char_bijec,false,normal,
Bimulo,char_bimulo,false,normal,
Bishn�k,char_bishn_k,false,normal,
Bizarre,char_bizarre,false,normal,
Bjorn,char_bjorn,false,normal,
Blackfoot,char_blackfoot,false,normal,
Blackthorne,char_blackthorne,false,normal,
Blizzard,char_blizzard,false,normal,
Blizzardo,char_blizzardo,false,normal,
Blob,char_blob,false,normal,
Bloha,char_bloha,false,normal,
Bluebell,char_bluebell,false,normal,
Blyn,char_blyn,false,normal,
Blysk,char_blysk,false,normal,
Bobba,char_bobba,false,normal,
Bobbie,char_bobbie,false,normal,
Bodhran,char_bodhran,false,normal,
Bodycast,char_bodycast,false,normal,
Bogger,char_bogger,false,normal,
Bogodur,char_bogodur,false,normal,
Bohemond,char_bohemond,false,normal,
Bok,char_bok,false,normal,
Bomir,char_bomir,false,normal,
Bonebiter,char_bonebiter,false,normal,
Boomer,char_boomer,false,normal,
Boot,char_boot,false,normal,
Bootyho,char_bootyho,false,normal,
Borek,char_borek,false,normal,
Borgash,char_borgash,false,normal,
Bornack,char_bornack,false,normal,
Boroda,char_boroda,false,normal,
Borodjavka,char_borodjavka,false,normal,
Botesia,char_botesia,false,normal,
Bounty,char_bounty,false,normal,
Braddock,char_braddock,false,normal,
Bramba,char_bramba,false,normal,
Brash,char_brash,false,normal,
Brask,char_brask,false,normal,
Breaux,char_breaux,false,normal,
Britney,char_britney,false,normal,
Brog,char_brog,false,normal,
Brogan,char_brogan,false,normal,
Bromir,char_bromir,false,normal,
Broom,char_broom,false,normal,
Brugan,char_brugan,false,normal,
Bruise,char_bruise,false,normal,
Brumbur,char_brumbur,false,normal,
Bruni,char_bruni,false,normal,
Brutte,char_brutte,false,normal,
Brutux,char_brutux,false,normal,
Brynhilde,char_brynhilde,false,normal,
Bubla,char_bubla,false,normal,
Bubu,char_bubu,false,normal,
Buffer,char_buffer,false,normal,
Buggar,char_buggar,false,normal,
Buliwyf,char_buliwyf,false,normal,
Bulldozer,char_bulldozer,false,normal,
Bullebu,char_bullebu,false,normal,
Buller,char_buller,false,normal,
Bum,char_bum,false,normal,
Bumbur,char_bumbur,false,normal,
Burb,char_burb,false,normal,
Burghul,char_burghul,false,normal,
Burk,char_burk,false,normal,
Burok,char_burok,false,normal,
Burst,char_burst,false,normal,
Burzum,char_burzum,false,normal,
Butrus,char_butrus,false,normal,
Butter,char_butter,false,normal,
Byleist,char_byleist,false,normal,
Cagim,char_cagim,false,normal,
Calan,char_calan,false,normal,
Caldor,char_caldor,false,normal,
Calrandir,char_calrandir,false,normal,
Calvin,char_calvin,false,normal,
Caman,char_caman,false,normal,
Candid,char_candid,true,normal,whois imported from Mudlet archive
Cano,char_cano,false,normal,
Caolin,char_caolin,false,normal,
Capiche,char_capiche,false,normal,
Carak,char_carak,false,normal,
Caress,char_caress,false,normal,
Carib,char_carib,false,normal,
Carl,char_carl,false,normal,
Carniminimmiel,char_carniminimmiel,false,normal,
Casque,char_casque,false,normal,
Cavalera,char_cavalera,false,normal,
Cele,char_cele,false,normal,
Celedon,char_celedon,false,normal,
Celegrim,char_celegrim,false,normal,
Celo,char_celo,false,normal,
Celorfilas,char_celorfilas,false,normal,
Celt,char_celt,false,normal,
Cen,char_cen,false,normal,
Cenedra,char_cenedra,false,normal,
Centurion,char_centurion,false,normal,
Cerion,char_cerion,false,normal,
Cerleg,char_cerleg,false,normal,
Cervotoc,char_cervotoc,false,normal,
Chak,char_chak,false,normal,
Chang,char_chang,false,normal,
Chauncey,char_chauncey,false,normal,
Chavez,char_chavez,false,normal,
Chazan,char_chazan,false,normal,
Chelios,char_chelios,false,normal,
Chen,char_chen,false,normal,
Cherish,char_cherish,false,normal,
Chewer,char_chewer,false,normal,
Chikarhayshi,char_chikarhayshi,false,normal,
Chogall,char_chogall,false,normal,
Chudwicki,char_chudwicki,false,normal,
Cidar,char_cidar,false,normal,
Ciluras,char_ciluras,false,normal,
Cilya,char_cilya,false,normal,
Cinsovinsh,char_cinsovinsh,false,normal,
Ciryatan,char_ciryatan,false,normal,
Clangedin,char_clangedin,false,normal,
Clericii,char_clericii,false,normal,
Cootafides,char_cootafides,false,normal,
Core,char_core,false,normal,
Cormac,char_cormac,false,normal,
Corvin,char_corvin,true,normal,whois imported from Mudlet archive
Cotc,char_cotc,false,normal,
Cruel,char_cruel,false,normal,
Cruggo,char_cruggo,false,normal,
Cryl,char_cryl,false,normal,
Crysania,char_crysania,false,normal,
Cufdrup,char_cufdrup,false,normal,
Cur,char_cur,false,normal,
Curufin,char_curufin,false,normal,
Curufinwe,char_curufinwe,false,normal,
Cyclaw,char_cyclaw,false,normal,
Cylas,char_cylas,false,normal,
Cymoril,char_cymoril,false,normal,
Cyrano,char_cyrano,false,normal,
Daalil,char_daalil,false,normal,
Daddy,char_daddy,false,normal,
Daevia,char_daevia,false,normal,
Dafur,char_dafur,false,normal,
Dakkon,char_dakkon,false,normal,
Dalamar,char_dalamar,false,normal,
Dalmorg,char_dalmorg,false,normal,
Danath,char_danath,false,normal,
Danzig,char_danzig,false,normal,
Daren,char_daren,false,normal,
Darkun,char_darkun,false,normal,
Darkwind,char_darkwind,false,normal,
Darq,char_darq,false,normal,
David,char_david,false,normal,
Dax,char_dax,false,normal,
Daz,char_daz,false,normal,
Dazzle,char_dazzle,false,normal,
Deacon,char_deacon,false,normal,
Death,char_death,false,normal,
Deathwind,char_deathwind,false,normal,
Deavon,char_deavon,false,normal,
Decoy,char_decoy,false,normal,
Deedoo,char_deedoo,false,normal,
Deemon,char_deemon,false,normal,
Delandir,char_delandir,false,normal,
Delegat,char_delegat,false,normal,
Delfi,char_delfi,false,normal,
Delicate,char_delicate,false,normal,
Dell,char_dell,false,normal,
Dement,char_dement,false,normal,
Demsie,char_demsie,false,normal,
Deor,char_deor,false,normal,
Deris,char_deris,false,normal,
Desastre,char_desastre,false,normal,
Devastator,char_devastator,true,normal,whois imported from Mudlet archive
Devran,char_devran,false,normal,
Dharazor,char_dharazor,false,normal,
Diamonium,char_diamonium,false,normal,
Dif,char_dif,false,normal,
Digital,char_digital,false,normal,
Dimmu,char_dimmu,false,normal,
Dino,char_dino,false,normal,
Disembowel,char_disembowel,false,normal,
Dispater,char_dispater,false,normal,
Dizz,char_dizz,false,normal,
Djinn,char_djinn,false,normal,
Dliador,char_dliador,false,normal,
Dodge,char_dodge,false,normal,
Doh,char_doh,false,normal,
Dolengur,char_dolengur,false,normal,
Dolik,char_dolik,false,normal,
Dombur,char_dombur,false,normal,
Domine,char_domine,false,normal,
Dominic,char_dominic,false,normal,
Done,char_done,false,normal,
Donk,char_donk,false,normal,
Donovan,char_donovan,false,normal,
Donutello,char_donutello,false,normal,
Doomer,char_doomer,false,normal,
Dorak,char_dorak,false,normal,
Doreth,char_doreth,false,normal,
Dorfl,char_dorfl,false,normal,
Dork,char_dork,false,normal,
Dorolff,char_dorolff,false,normal,
Draaz,char_draaz,false,normal,
Draca,char_draca,false,normal,
Draccon,char_draccon,false,normal,
Dracolich,char_dracolich,false,normal,
Draconis,char_draconis,false,normal,
Dracul,char_dracul,false,normal,
Dragan,char_dragan,false,normal,
Dragg,char_dragg,false,normal,
Draggor,char_draggor,false,normal,
Draggy,char_draggy,false,normal,
Draghkar,char_draghkar,false,normal,
Draglador,char_draglador,false,normal,
Dragor,char_dragor,false,normal,
Dragoth,char_dragoth,false,normal,
Dramon,char_dramon,false,normal,
Dranj,char_dranj,false,normal,
Draupner,char_draupner,false,normal,
Drax,char_drax,false,normal,
Drayl,char_drayl,false,normal,
Drazgan,char_drazgan,false,normal,
Dreamweaver,char_dreamweaver,false,normal,
Drengist,char_drengist,false,normal,
Drenical,char_drenical,false,normal,
Dreth,char_dreth,false,normal,
Drijian,char_drijian,false,normal,
Drimdul,char_drimdul,false,normal,
Drohm,char_drohm,false,normal,
Drokk,char_drokk,false,normal,
Drow,char_drow,false,normal,
Drugar,char_drugar,false,normal,
Druin,char_druin,false,normal,
Dryg,char_dryg,false,normal,
Dugmok,char_dugmok,false,normal,
Dunlop,char_dunlop,false,normal,
Dural,char_dural,false,normal,
Durandir,char_durandir,false,normal,
Durcano,char_durcano,false,normal,
Duriel,char_duriel,false,normal,
Durlak,char_durlak,false,normal,
Dushegub,char_dushegub,false,normal,
Duvel,char_duvel,false,normal,
Dwar,char_dwar,false,normal,
Dwimmer,char_dwimmer,false,normal,
Dwogin,char_dwogin,false,normal,
Dynamit,char_dynamit,false,normal,
Eale,char_eale,false,normal,
Earand,char_earand,false,normal,
Earnur,char_earnur,false,normal,
Eawian,char_eawian,false,normal,
Echo,char_echo,false,normal,
Eckhart,char_eckhart,false,normal,
Eder,char_eder,false,normal,
Edrahil,char_edrahil,false,normal,
Edvard,char_edvard,false,normal,
Eggrat,char_eggrat,false,normal,
Eggraz,char_eggraz,false,normal,
Eher,char_eher,false,normal,
Ehhe,char_ehhe,false,normal,
Eidolon,char_eidolon,false,normal,
Eileen,char_eileen,false,normal,
Eirin,char_eirin,false,normal,
Eladamri,char_eladamri,false,normal,
Elajt,char_elajt,false,normal,
Elavar,char_elavar,false,normal,
Elaviel,char_elaviel,false,normal,
Elayne,char_elayne,false,normal,
Eldale,char_eldale,false,normal,
Eldan,char_eldan,false,normal,
Eldarion,char_eldarion,false,normal,
Elden,char_elden,false,normal,
Eldrasil,char_eldrasil,false,normal,
Eldrenil,char_eldrenil,false,normal,
Elebor,char_elebor,false,normal,
Elemur,char_elemur,false,normal,
Elendur,char_elendur,false,normal,
Elenril,char_elenril,false,normal,
Elenwe,char_elenwe,false,normal,
Elestir,char_elestir,false,normal,
Eletherion,char_eletherion,false,normal,
Elfwyn,char_elfwyn,false,normal,
Elian,char_elian,false,normal,
Elirion,char_elirion,false,normal,
Elistan,char_elistan,false,normal,
Eliwe,char_eliwe,false,normal,
Ellara,char_ellara,false,normal,
Elle,char_elle,false,normal,
Elleth,char_elleth,false,normal,
Elmir,char_elmir,false,normal,
Elmo,char_elmo,false,normal,
Eloin,char_eloin,false,normal,
Elrik,char_elrik,false,normal,
Elroh,char_elroh,false,normal,
Elrun,char_elrun,false,normal,
Elsurion,char_elsurion,false,normal,
Eluchil,char_eluchil,false,normal,
Elumir,char_elumir,false,normal,
Emroth,char_emroth,false,normal,
Endor,char_endor,false,normal,
Endur,char_endur,false,normal,
Enforcer,char_enforcer,false,normal,
Engelbert,char_engelbert,false,normal,
Ennor,char_ennor,false,normal,
Enso,char_enso,false,normal,
Equinoxe,char_equinoxe,false,normal,
Eral,char_eral,false,normal,
Erebos,char_erebos,false,normal,
Erewiel,char_erewiel,false,normal,
Eric,char_eric,false,normal,
Erkzup,char_erkzup,false,normal,
Ermon,char_ermon,false,normal,
Ernst,char_ernst,false,normal,
Erowyn,char_erowyn,false,normal,
Erudhil,char_erudhil,false,normal,
Escape,char_escape,false,normal,
Estel,char_estel,false,normal,
Eternal,char_eternal,false,normal,
Ethar,char_ethar,false,normal,
Ethne,char_ethne,false,normal,
Eto,char_eto,false,normal,
Etopal,char_etopal,false,normal,
Evandaar,char_evandaar,false,normal,
Everhate,char_everhate,false,normal,
Exiled,char_exiled,false,normal,
Fable,char_fable,false,normal,
Faelandir,char_faelandir,false,normal,
Fahil,char_fahil,false,normal,
Faint,char_faint,false,normal,
Fairy,char_fairy,false,normal,
Falanor,char_falanor,false,normal,
Falathrim,char_falathrim,false,normal,
Faldir,char_faldir,false,normal,
Falemir,char_falemir,false,normal,
Falenor,char_falenor,false,normal,
Famas,char_famas,false,normal,
Famine,char_famine,false,normal,
Fankil,char_fankil,false,normal,
Faradoc,char_faradoc,false,normal,
Faramin,char_faramin,false,normal,
Fardin,char_fardin,false,normal,
Farin,char_farin,false,normal,
Farion,char_farion,false,normal,
Feagil,char_feagil,false,normal,
Feagor,char_feagor,false,normal,
Feagwath,char_feagwath,false,normal,
Feanor,char_feanor,false,normal,
Fear,char_fear,false,normal,
Fearan,char_fearan,false,normal,
Fearendil,char_fearendil,false,normal,
Fearless,char_fearless,false,normal,
Fearsome,char_fearsome,false,normal,
Fenir,char_fenir,false,normal,
Feon,char_feon,false,normal,
Feorwyn,char_feorwyn,false,normal,
Feriand,char_feriand,false,normal,
Fero,char_fero,false,normal,
Ferska,char_ferska,false,normal,
Fiend,char_fiend,false,normal,
Fierce,char_fierce,false,normal,
Filia,char_filia,false,normal,
Filibert,char_filibert,false,normal,
Filth,char_filth,false,normal,
Finadriel,char_finadriel,false,normal,
Findo,char_findo,false,normal,
Finduilas,char_finduilas,false,normal,
Fingeror,char_fingeror,false,normal,
Fiolas,char_fiolas,false,normal,
Firewalker,char_firewalker,false,normal,
Fisben,char_fisben,false,normal,
Flanker,char_flanker,false,normal,
Floi,char_floi,false,normal,
Foad,char_foad,false,normal,
Folko,char_folko,false,normal,
Fong,char_fong,false,normal,
Forin,char_forin,false,normal,
Forrest,char_forrest,false,normal,
Fortran,char_fortran,false,normal,
Forve,char_forve,false,normal,
Fragir,char_fragir,false,normal,
Francis,char_francis,false,normal,
Fredde,char_fredde,false,normal,
Freight,char_freight,false,normal,
Friar,char_friar,false,normal,
Frink,char_frink,false,normal,
Friso,char_friso,false,normal,
Frukghash,char_frukghash,false,normal,
Fubar,char_fubar,false,normal,
Fui,char_fui,false,normal,
Fuor,char_fuor,false,normal,
Furfoot,char_furfoot,false,normal,
Gabil,char_gabil,false,normal,
Gad,char_gad,false,normal,
Gadmac,char_gadmac,false,normal,
Gage,char_gage,false,normal,
Galadon,char_galadon,false,normal,
Galerech,char_galerech,false,normal,
Galowyn,char_galowyn,false,normal,
Galurin,char_galurin,false,normal,
Gamak,char_gamak,false,normal,
Gamli,char_gamli,false,normal,
Gamram,char_gamram,false,normal,
Garkan,char_garkan,false,normal,
Gattling,char_gattling,false,normal,
Gauldoth,char_gauldoth,false,normal,
Gaurhir,char_gaurhir,false,normal,
Gaurog,char_gaurog,false,normal,
Gauruk,char_gauruk,false,normal,
Gaylord,char_gaylord,false,normal,
Gazel,char_gazel,false,normal,
Geirrodr,char_geirrodr,false,normal,
Gelion,char_gelion,false,normal,
Gena,char_gena,false,normal,
Gereb,char_gereb,false,normal,
Geri,char_geri,false,normal,
Ghostly,char_ghostly,false,normal,
Ghourne,char_ghourne,false,normal,
Gilcon,char_gilcon,false,normal,
Gildur,char_gildur,false,normal,
Gilmandir,char_gilmandir,false,normal,
Gilmas,char_gilmas,false,normal,
Gilror,char_gilror,false,normal,
Gimilzor,char_gimilzor,false,normal,
Gimlung,char_gimlung,false,normal,
Ginlon,char_ginlon,false,normal,
Giralion,char_giralion,false,normal,
Girando,char_girando,false,normal,
Girithol,char_girithol,false,normal,
Glabthrak,char_glabthrak,false,normal,
Glabur,char_glabur,false,normal,
Glader,char_glader,false,normal,
Gladush,char_gladush,false,normal,
Glamduril,char_glamduril,false,normal,
Glaran,char_glaran,false,normal,
Glaref,char_glaref,false,normal,
Glebus,char_glebus,false,normal,
Glendale,char_glendale,false,normal,
Glenn,char_glenn,false,normal,
Glithraril,char_glithraril,false,normal,
Globur,char_globur,false,normal,
Gloha,char_gloha,false,normal,
Glubur,char_glubur,false,normal,
Gobakapp,char_gobakapp,false,normal,
Gobbler,char_gobbler,false,normal,
Goldor,char_goldor,false,normal,
Goliat,char_goliat,false,normal,
Gomen,char_gomen,false,normal,
Gondgurth,char_gondgurth,false,normal,
Goretongue,char_goretongue,false,normal,
Gorlach,char_gorlach,false,normal,
Gorshak,char_gorshak,false,normal,
Gothia,char_gothia,false,normal,
Gothmog,char_gothmog,false,normal,
Grab,char_grab,false,normal,
Gradash,char_gradash,false,normal,
Grak,char_grak,false,normal,
Grakk,char_grakk,false,normal,
Grand,char_grand,false,normal,
Grang,char_grang,false,normal,
Granite,char_granite,false,normal,
Granvil,char_granvil,false,normal,
Grashnak,char_grashnak,false,normal,
Graugh,char_graugh,false,normal,
Gray,char_gray,true,normal,whois imported from Mudlet archive
Greed,char_greed,false,normal,
Greoldreth,char_greoldreth,false,normal,
Grez,char_grez,false,normal,
Gringo,char_gringo,false,normal,
Grino,char_grino,true,normal,whois imported from Mudlet archive
Gris,char_gris,false,normal,
Grishelda,char_grishelda,false,normal,
Grishnak(Shag),char_grishnak_shag,false,normal,
Grishtar,char_grishtar,false,normal,
Grok,char_grok,false,normal,
Grom,char_grom,false,normal,
Gromk,char_gromk,false,normal,
Grukh,char_grukh,false,normal,
Grul,char_grul,false,normal,
Grume,char_grume,false,normal,
Grumph,char_grumph,false,normal,
Grunganator,char_grunganator,false,normal,
Grunge,char_grunge,false,normal,
Gruuk,char_gruuk,false,normal,
Gruumsh,char_gruumsh,false,normal,
Grymsh,char_grymsh,false,normal,
Grytash,char_grytash,false,normal,
Grythar,char_grythar,false,normal,
Guglunk,char_guglunk,false,normal,
Guido,char_guido,false,normal,
Gulag,char_gulag,false,normal,
Gundor,char_gundor,false,normal,
Gurgel,char_gurgel,false,normal,
Guthol,char_guthol,false,normal,
Gwira,char_gwira,false,normal,
Haazheel,char_haazheel,false,normal,
Hairfoot,char_hairfoot,false,normal,
Haisam,char_haisam,false,normal,
Haista,char_haista,false,normal,
Haity,char_haity,false,normal,
Haladdin,char_haladdin,false,normal,
Halas,char_halas,false,normal,
Haldor,char_haldor,false,normal,
Halir,char_halir,false,normal,
Hamfist,char_hamfist,false,normal,
Hamlas,char_hamlas,false,normal,
Hannibal,char_hannibal,false,normal,
Hanr,char_hanr,false,normal,
Harakiri,char_harakiri,false,normal,
Hark,char_hark,false,normal,
Harowen,char_harowen,false,normal,
Hashtak,char_hashtak,false,normal,
Hasta,char_hasta,false,normal,
Hatch,char_hatch,false,normal,
Hate,char_hate,false,normal,
Hated,char_hated,false,normal,
Hatred,char_hatred,false,normal,
Hazel,char_hazel,false,normal,
Healer,char_healer,false,normal,
Healy,char_healy,false,normal,
Heather,char_heather,false,normal,
Heldo,char_heldo,false,normal,
Hele,char_hele,false,normal,
Helga,char_helga,false,normal,
Helios,char_helios,false,normal,
Henduil,char_henduil,false,normal,
Hercule,char_hercule,false,normal,
Herman,char_herman,false,normal,
Herold,char_herold,false,normal,
Hex,char_hex,false,normal,
Hobit,char_hobit,false,normal,
Hoeth,char_hoeth,false,normal,
Hoho,char_hoho,false,normal,
Holg,char_holg,false,normal,
Holy,char_holy,false,normal,
Horgy,char_horgy,false,normal,
Horstats,char_horstats,false,normal,
Horus,char_horus,false,normal,
Hovado,char_hovado,false,normal,
Hrive,char_hrive,false,normal,
Hrolth,char_hrolth,false,normal,
Hrothgar,char_hrothgar,false,normal,
Hrym,char_hrym,false,normal,
Hudson,char_hudson,false,normal,
Hugo,char_hugo,false,normal,
Huher,char_huher,false,normal,
Hukor,char_hukor,false,normal,
Hunchback,char_hunchback,false,normal,
Hurar,char_hurar,false,normal,
Hwarang,char_hwarang,false,normal,
Hwoarang,char_hwoarang,false,normal,
Hybrid,char_hybrid,false,normal,
Hyung,char_hyung,false,normal,
Hyurk,char_hyurk,false,normal,
Ibis,char_ibis,false,normal,
Iblis,char_iblis,false,normal,
Ibrahim,char_ibrahim,false,normal,
Ickabod,char_ickabod,false,normal,
Idun,char_idun,false,normal,
Ieras,char_ieras,false,normal,
Ike,char_ike,false,normal,
Ilgamar,char_ilgamar,false,normal,
Iljrure,char_iljrure,false,normal,
Illusia,char_illusia,false,normal,
Illyas,char_illyas,false,normal,
Ilmacil,char_ilmacil,false,normal,
Ilmarin,char_ilmarin,false,normal,
Imlach,char_imlach,false,normal,
Imlis,char_imlis,false,normal,
Implithura,char_implithura,false,normal,
Imrazor,char_imrazor,false,normal,
Indra,char_indra,false,normal,
Ingold,char_ingold,false,normal,
Ingwe,char_ingwe,false,normal,
Innuendo,char_innuendo,false,normal,
Insane,char_insane,false,normal,
Inziladun,char_inziladun,false,normal,
Iolo,char_iolo,false,normal,
Ior,char_ior,false,normal,
Iorlas,char_iorlas,false,normal,
Iranon,char_iranon,false,normal,
Irogla,char_irogla,false,normal,
Irv,char_irv,false,normal,
Ishant,char_ishant,false,normal,
Isolde,char_isolde,false,normal,
Itallicus,char_itallicus,false,normal,
Ithilagos,char_ithilagos,false,normal,
Ithy,char_ithy,false,normal,
Itil,char_itil,false,normal,
Ivanushka,char_ivanushka,false,normal,
Iwain,char_iwain,false,normal,
Iyachtu,char_iyachtu,false,normal,
Jaagern,char_jaagern,false,normal,
Jabba,char_jabba,false,normal,
Jadon,char_jadon,false,normal,
Jamie,char_jamie,false,normal,
Jandor,char_jandor,false,normal,
Janosh,char_janosh,false,normal,
Jarhala,char_jarhala,false,normal,
Jarlaxle,char_jarlaxle,false,normal,
Jaron,char_jaron,false,normal,
Jatte,char_jatte,false,normal,
Jauer,char_jauer,false,normal,
Jaws,char_jaws,false,normal,
Jeakoth,char_jeakoth,false,normal,
Jeffbob,char_jeffbob,false,normal,
Jelly,char_jelly,false,normal,
Jensu,char_jensu,false,normal,
Jeran,char_jeran,false,normal,
Jerle,char_jerle,false,normal,
Jerpa,char_jerpa,false,normal,
Jheran,char_jheran,false,normal,
Jimbo,char_jimbo,false,normal,
Joan,char_joan,false,normal,
Johannes,char_johannes,false,normal,
Johhaidii,char_johhaidii,false,normal,
Johnie,char_johnie,false,normal,
Joker,char_joker,false,normal,
Jon,char_jon,false,normal,
Jones,char_jones,false,normal,
Joponen,char_joponen,false,normal,
Jube,char_jube,false,normal,
Juggles,char_juggles,false,normal,
Junbao,char_junbao,false,normal,
Juss,char_juss,false,normal,
Kade,char_kade,false,normal,
Kakarot,char_kakarot,false,normal,
Kalevala,char_kalevala,false,normal,
Kalkano,char_kalkano,false,normal,
Kalus,char_kalus,false,normal,
Kami,char_kami,false,normal,
Kamikaze,char_kamikaze,false,normal,
Kamlakh,char_kamlakh,false,normal,
Kaool,char_kaool,false,normal,
Kardagash,char_kardagash,false,normal,
Karelin,char_karelin,false,normal,
Kasach,char_kasach,false,normal,
Kassler,char_kassler,false,normal,
Kazadoe,char_kazadoe,false,normal,
Kazan,char_kazan,false,normal,
Kazeena,char_kazeena,false,normal,
Kazzey,char_kazzey,false,normal,
Keldorn,char_keldorn,false,normal,
Keno,char_keno,false,normal,
Kenzu,char_kenzu,false,normal,
Kess,char_kess,false,normal,
Kessfare,char_kessfare,false,normal,
Kesslar,char_kesslar,false,normal,
Kesslik,char_kesslik,false,normal,
Kesslin,char_kesslin,false,normal,
Kessloth,char_kessloth,false,normal,
Kesstor,char_kesstor,false,normal,
Kestrel,char_kestrel,false,normal,
Khad,char_khad,false,normal,
Khadum,char_khadum,false,normal,
Khakis,char_khakis,false,normal,
Khamasin,char_khamasin,false,normal,
Khamil,char_khamil,false,normal,
Khandar,char_khandar,false,normal,
Kharas,char_kharas,false,normal,
Khawin,char_khawin,false,normal,
Khazdul,char_khazdul,false,normal,
Khelben,char_khelben,false,normal,
Khelek,char_khelek,false,normal,
Khim,char_khim,false,normal,
Khird,char_khird,false,normal,
Khodum,char_khodum,false,normal,
Khozdul,char_khozdul,false,normal,
Khreth,char_khreth,false,normal,
Khuka,char_khuka,false,normal,
Khzandros,char_khzandros,false,normal,
Kiki,char_kiki,false,normal,
Kilimanjaro,char_kilimanjaro,false,normal,
Kilin,char_kilin,false,normal,
Killdare,char_killdare,false,normal,
Kingpool,char_kingpool,false,normal,
Kinson,char_kinson,false,normal,
Kiska,char_kiska,false,normal,
Kitto,char_kitto,false,normal,
Kloker,char_kloker,false,normal,
Knold,char_knold,false,normal,
Kobold,char_kobold,false,normal,
Kocano,char_kocano,false,normal,
Kochurma,char_kochurma,false,normal,
Koer,char_koer,false,normal,
Koff,char_koff,false,normal,
Kogan,char_kogan,false,normal,
Korax,char_korax,false,normal,
Korek,char_korek,false,normal,
Korf,char_korf,false,normal,
Korin,char_korin,false,normal,
Kostej,char_kostej,false,normal,
Kotta,char_kotta,false,normal,
Kovie,char_kovie,false,normal,
Koza,char_koza,false,normal,
Kozel,char_kozel,false,normal,
Kraal,char_kraal,false,normal,
Krax,char_krax,false,normal,
Kreil,char_kreil,false,normal,
Krkavec,char_krkavec,false,normal,
Kroom,char_kroom,false,normal,
Krossen,char_krossen,false,normal,
Krubb,char_krubb,false,normal,
Kuku,char_kuku,false,normal,
Kulgan,char_kulgan,false,normal,
Kunduk,char_kunduk,false,normal,
Kurast,char_kurast,false,normal,
Kurdran,char_kurdran,false,normal,
Kurva,char_kurva,false,normal,
Kviea,char_kviea,false,normal,
Kylm,char_kylm,false,normal,
Labero,char_labero,true,normal,whois imported from Mudlet archive
Lada,char_lada,false,normal,
Lairathim,char_lairathim,false,normal,
Lakh,char_lakh,false,normal,
Lakon,char_lakon,false,normal,
Lalloree,char_lalloree,false,normal,
Lalok,char_lalok,false,normal,
Lammas,char_lammas,false,normal,
Lammoth,char_lammoth,false,normal,
Lana,char_lana,false,normal,
Lancelot,char_lancelot,false,normal,
Langolier,char_langolier,false,normal,
Lasombra,char_lasombra,false,normal,
Lathos,char_lathos,false,normal,
Laurelin,char_laurelin,false,normal,
Lavendel,char_lavendel,false,normal,
Lazy,char_lazy,false,normal,
Leagel,char_leagel,false,normal,
Leave,char_leave,false,normal,
Lefali,char_lefali,false,normal,
Leffe,char_leffe,false,normal,
Legion,char_legion,false,normal,
Lehto,char_lehto,false,normal,
Lei,char_lei,false,normal,
Lenwe,char_lenwe,false,normal,
Lepra,char_lepra,false,normal,
Lerian,char_lerian,false,normal,
Liart,char_liart,false,normal,
Libresse,char_libresse,false,normal,
Lief,char_lief,false,normal,
Liliah,char_liliah,false,normal,
Lilladde,char_lilladde,false,normal,
Lillian,char_lillian,false,normal,
Lilljempa,char_lilljempa,false,normal,
Lillmarre,char_lillmarre,false,normal,
Lina,char_lina,false,normal,
Linar,char_linar,false,normal,
Linara,char_linara,false,normal,
Ling,char_ling,false,normal,
Lirathe,char_lirathe,false,normal,
Lisp,char_lisp,false,normal,
Liten,char_liten,false,normal,
Litovel,char_litovel,false,normal,
Llort,char_llort,false,normal,
Lochdale,char_lochdale,false,normal,
Lokomotiva,char_lokomotiva,false,normal,
Lol,char_lol,false,normal,
Lombur,char_lombur,false,normal,
Lomek,char_lomek,false,normal,
Lorduk,char_lorduk,false,normal,
Lore,char_lore,false,normal,
Lote,char_lote,false,normal,
Lothar,char_lothar,false,normal,
Lotheila,char_lotheila,false,normal,
Lothlahn,char_lothlahn,false,normal,
Lothlori,char_lothlori,false,normal,
Lowanda,char_lowanda,false,normal,
Lowyn,char_lowyn,false,normal,
Luber,char_luber,false,normal,
Luckless,char_luckless,false,normal,
Luingil,char_luingil,false,normal,
Luke,char_luke,false,normal,
Lurken,char_lurken,false,normal,
Lutien,char_lutien,false,normal,
Luvette,char_luvette,false,normal,
Maal,char_maal,false,normal,
Mabel,char_mabel,false,normal,
Macke,char_macke,false,normal,
Macros,char_macros,false,normal,
Madcat,char_madcat,false,normal,
Maeglor,char_maeglor,false,normal,
Maegnas,char_maegnas,false,normal,
Magi,char_magi,false,normal,
Magica,char_magica,false,normal,
Maglor,char_maglor,false,normal,
Magnolia,char_magnolia,false,normal,
Mahyr,char_mahyr,false,normal,
Malach,char_malach,false,normal,
Malak,char_malak,false,normal,
Malus,char_malus,false,normal,
Malysh,char_malysh,false,normal,
Mammoth,char_mammoth,false,normal,
Mamut,char_mamut,false,normal,
Mamutice,char_mamutice,false,normal,
Manaja,char_manaja,false,normal,
Manatark,char_manatark,false,normal,
Manic,char_manic,false,normal,
Manne,char_manne,false,normal,
Marhault,char_marhault,false,normal,
Marillion,char_marillion,false,normal,
Marko,char_marko,false,normal,
Marras,char_marras,false,normal,
Marre,char_marre,false,normal,
Marroc,char_marroc,false,normal,
Martijn,char_martijn,false,normal,
Mastah,char_mastah,false,normal,
Mato,char_mato,false,normal,
Mauna,char_mauna,false,normal,
Maverick,char_maverick,false,normal,
Mazai,char_mazai,false,normal,
Mazrim,char_mazrim,false,normal,
Mazza,char_mazza,false,normal,
Mecra,char_mecra,false,normal,
Meeka,char_meeka,false,normal,
Mehter,char_mehter,false,normal,
Mekul,char_mekul,false,normal,
Melanchre,char_melanchre,false,normal,
Melinda,char_melinda,false,normal,
Meliza,char_meliza,false,normal,
Meneldur,char_meneldur,false,normal,
Mengaz,char_mengaz,false,normal,
Mephistofel,char_mephistofel,false,normal,
Mercurius,char_mercurius,false,normal,
Meriadoc,char_meriadoc,false,normal,
Meril,char_meril,false,normal,
Merimac,char_merimac,false,normal,
Merlin,char_merlin,false,normal,
Merlyn,char_merlyn,false,normal,
Mess,char_mess,false,normal,
Mestan,char_mestan,false,normal,
Meteor,char_meteor,false,normal,
Mhur,char_mhur,false,normal,
Mikala,char_mikala,false,normal,
Mikke,char_mikke,false,normal,
Miko,char_miko,false,normal,
Milena,char_milena,false,normal,
Miler,char_miler,false,normal,
Millen,char_millen,false,normal,
Milzok,char_milzok,false,normal,
Minastir,char_minastir,false,normal,
Minos,char_minos,false,normal,
Minuial,char_minuial,false,normal,
Miriamele,char_miriamele,false,normal,
Miser,char_miser,false,normal,
Misery,char_misery,false,normal,
Mishrak,char_mishrak,false,normal,
Mitch,char_mitch,false,normal,
Mithrellas,char_mithrellas,false,normal,
Miyahk,char_miyahk,false,normal,
Moandor,char_moandor,false,normal,
Moby,char_moby,false,normal,
Mochomurka,char_mochomurka,true,normal,whois imported from Mudlet archive
Moci,char_moci,false,normal,
Mogshak,char_mogshak,false,normal,
Mojo,char_mojo,false,normal,
Molak,char_molak,false,normal,
Moloko,char_moloko,false,normal,
Molor,char_molor,false,normal,
Monet,char_monet,false,normal,
Monster,char_monster,false,normal,
Moonglum,char_moonglum,false,normal,
Moonparent,char_moonparent,false,normal,
Moonshade,char_moonshade,false,normal,
Moortek,char_moortek,false,normal,
Morannon,char_morannon,false,normal,
Morbet,char_morbet,false,normal,
Morbid,char_morbid,false,normal,
Mordak,char_mordak,false,normal,
Morfizm,char_morfizm,false,normal,
Morgil,char_morgil,false,normal,
Morgulduin,char_morgulduin,false,normal,
Morholt,char_morholt,false,normal,
Morholth,char_morholth,false,normal,
Morog,char_morog,false,normal,
Moroz,char_moroz,false,normal,
Morphine,char_morphine,false,normal,
Mors,char_mors,false,normal,
Morthe,char_morthe,false,normal,
Morticus,char_morticus,false,normal,
Mortie,char_mortie,false,normal,
Mortis,char_mortis,false,normal,
Mortti,char_mortti,false,normal,
Mosaren,char_mosaren,false,normal,
Mosco,char_mosco,false,normal,
MouthOfSauron,char_mouthofsauron,false,normal,
Movin,char_movin,false,normal,
Mrazik,char_mrazik,false,normal,
Mrsh,char_mrsh,false,normal,
Mrsina,char_mrsina,false,normal,
Mruah,char_mruah,false,normal,
Mrwhite,char_mrwhite,false,normal,
Much,char_much,false,normal,
Muck,char_muck,false,normal,
Mugorad,char_mugorad,false,normal,
Muhugar,char_muhugar,false,normal,
Muhv,char_muhv,false,normal,
Mukami,char_mukami,false,normal,
Mulgrim,char_mulgrim,false,normal,
Mumma,char_mumma,false,normal,
Mummo,char_mummo,false,normal,
Murdress,char_murdress,false,normal,
Murghaz,char_murghaz,false,normal,
Murumutt,char_murumutt,false,normal,
Murzilka,char_murzilka,false,normal,
Mylene,char_mylene,false,normal,
Myth,char_myth,false,normal,
Nacs,char_nacs,false,normal,
Naed,char_naed,false,normal,
Naga,char_naga,false,normal,
Naghar,char_naghar,false,normal,
Nagoroth,char_nagoroth,false,normal,
Nain,char_nain,false,normal,
Naksitrall,char_naksitrall,false,normal,
Naksur,char_naksur,false,normal,
Naldor,char_naldor,false,normal,
Nali,char_nali,false,normal,
Namo,char_namo,false,normal,
Naomi,char_naomi,false,normal,
Nardhal,char_nardhal,false,normal,
Naredhel,char_naredhel,false,normal,
Narf,char_narf,false,normal,
Nari,char_nari,false,normal,
Naroc,char_naroc,false,normal,
Narttu,char_narttu,false,normal,
Nat,char_nat,false,normal,
Natash,char_natash,false,normal,
Nazalbeth,char_nazalbeth,false,normal,
Nazghol,char_nazghol,false,normal,
Nazghul,char_nazghul,false,normal,
Nazgoroth,char_nazgoroth,false,normal,
Nazgum,char_nazgum,false,normal,
Nazkuk,char_nazkuk,false,normal,
Nele,char_nele,false,normal,
Nemil,char_nemil,false,normal,
Neo,char_neo,false,normal,
Nerf,char_nerf,false,normal,
Nestha,char_nestha,false,normal,
Neverborn,char_neverborn,false,normal,
Newmie,char_newmie,false,normal,
Neziel,char_neziel,false,normal,
Nibble,char_nibble,false,normal,
Niflam,char_niflam,false,normal,
Nigal,char_nigal,false,normal,
Nighthawk,char_nighthawk,false,normal,
Nightwolf,char_nightwolf,false,normal,
Niilit,char_niilit,false,normal,
Nimir,char_nimir,false,normal,
Nimraphel,char_nimraphel,false,normal,
Nimroth,char_nimroth,false,normal,
Nithr,char_nithr,false,normal,
Nogir,char_nogir,false,normal,
Nogon,char_nogon,false,normal,
Nomad,char_nomad,false,normal,
Nooka,char_nooka,false,normal,
Norrland,char_norrland,false,normal,
Norsu,char_norsu,true,normal,whois imported from Mudlet archive
Nothing,char_nothing,false,normal,
Notorga,char_notorga,false,normal,
Nowyr,char_nowyr,false,normal,
Nuri,char_nuri,false,normal,
Nushenak,char_nushenak,false,normal,
Nuzo,char_nuzo,false,normal,
Occult,char_occult,false,normal,
Oceanborn,char_oceanborn,false,normal,
Ochra,char_ochra,false,normal,
Octavian,char_octavian,false,normal,
Odamees,char_odamees,false,normal,
Odium,char_odium,false,normal,
Oggy,char_oggy,false,normal,
Oguga,char_oguga,false,normal,
Ogyf,char_ogyf,false,normal,
OhThePain,char_ohthepain,false,normal,
Oiri,char_oiri,false,normal,
Olevipoeg,char_olevipoeg,false,normal,
Olmer,char_olmer,false,normal,
Olorion,char_olorion,false,normal,
Olos,char_olos,false,normal,
Omega,char_omega,false,normal,
Omen,char_omen,false,normal,
Onatah,char_onatah,false,normal,
Onyx,char_onyx,false,normal,
Orcbash,char_orcbash,false,normal,
Orcobal,char_orcobal,false,normal,
Oregon,char_oregon,false,normal,
Orf,char_orf,false,normal,
Orikas,char_orikas,false,normal,
Orkanoid,char_orkanoid,true,normal,whois imported from Mudlet archive
Orodreth,char_orodreth,false,normal,
Oscarmeyer,char_oscarmeyer,false,normal,
Osilin,char_osilin,false,normal,
Ostravar,char_ostravar,false,normal,
Ostu,char_ostu,false,normal,
Oualid,char_oualid,false,normal,
Ozgun,char_ozgun,false,normal,
Ozon,char_ozon,false,normal,
Padla,char_padla,false,normal,
Pagan,char_pagan,false,normal,
Pahan,char_pahan,false,normal,
Paka,char_paka,false,normal,
Pandion,char_pandion,false,normal,
Paque,char_paque,false,normal,
Pasta,char_pasta,false,normal,
Patty,char_patty,false,normal,
Pepa,char_pepa,false,normal,
Perago,char_perago,false,normal,
Perl,char_perl,false,normal,
Perun,char_perun,false,normal,
Pestilence,char_pestilence,false,normal,
Petrus,char_petrus,false,normal,
Pheare,char_pheare,false,normal,
Photon,char_photon,false,normal,
Piastr,char_piastr,false,normal,
Pickle,char_pickle,false,normal,
Pilsner,char_pilsner,false,normal,
Pinhead,char_pinhead,false,normal,
Pinion,char_pinion,false,normal,
Piow,char_piow,false,normal,
Plancy,char_plancy,false,normal,
Plato,char_plato,false,normal,
Plch,char_plch,false,normal,
Plohish,char_plohish,false,normal,
Polydeukes,char_polydeukes,false,normal,
Pomfrit,char_pomfrit,false,normal,
Pontiac,char_pontiac,false,normal,
Pontu,char_pontu,false,normal,
Popeye,char_popeye,false,normal,
Poppis,char_poppis,false,normal,
Porien,char_porien,true,normal,whois imported from Mudlet archive
Posh,char_posh,false,normal,
Potgins,char_potgins,false,normal,
Praiodan,char_praiodan,false,normal,
Prcek,char_prcek,false,normal,
Pretty,char_pretty,false,normal,
Prey,char_prey,false,normal,
Prima,char_prima,false,normal,
Prist,char_prist,false,normal,
Prosit,char_prosit,false,normal,
Psycho,char_psycho,false,normal,
Puar,char_puar,false,normal,
Pumuckl,char_pumuckl,false,normal,
Purkmistr,char_purkmistr,false,normal,
Qiuram,char_qiuram,false,normal,
Quible,char_quible,false,normal,
Quillis,char_quillis,false,normal,
Quin,char_quin,false,normal,
Qul,char_qul,false,normal,
Qwestus,char_qwestus,false,normal,
Qwestux,char_qwestux,false,normal,
Rabarbar,char_rabarbar,false,normal,
Rackhir,char_rackhir,false,normal,
Radbug,char_radbug,false,normal,
Radegast,char_radegast,false,normal,
Rael,char_rael,false,normal,
Rafa,char_rafa,false,normal,
Rage,char_rage,false,normal,
Ragface,char_ragface,false,normal,
Ragnwald,char_ragnwald,false,normal,
Rahz,char_rahz,false,normal,
Raichu,char_raichu,false,normal,
Rain,char_rain,false,normal,
Rakot,char_rakot,false,normal,
Ramangth,char_ramangth,false,normal,
Ramiris,char_ramiris,false,normal,
Ramtir,char_ramtir,false,normal,
Ranax,char_ranax,false,normal,
Rancid,char_rancid,false,normal,
Rancor,char_rancor,false,normal,
Ranhith,char_ranhith,false,normal,
Rankin,char_rankin,false,normal,
Ranna,char_ranna,false,normal,
Rashnak,char_rashnak,false,normal,
Rasputin,char_rasputin,false,normal,
Rasta,char_rasta,false,normal,
Rastik,char_rastik,false,normal,
Ratark,char_ratark,false,normal,
Raudo,char_raudo,false,normal,
Rauko,char_rauko,false,normal,
Raun,char_raun,false,normal,
Ravendark,char_ravendark,false,normal,
Ray,char_ray,false,normal,
Rayden,char_rayden,false,normal,
Razamazar,char_razamazar,false,normal,
Raze,char_raze,false,normal,
Razoor,char_razoor,false,normal,
Reaper,char_reaper,false,normal,
Rebeka,char_rebeka,false,normal,
Reef,char_reef,false,normal,
Regin,char_regin,false,normal,
Reijki,char_reijki,false,normal,
Reikor,char_reikor,false,normal,
Relim,char_relim,true,normal,whois imported from Mudlet archive
Remorse,char_remorse,false,normal,
Rend,char_rend,false,normal,
Rendra,char_rendra,false,normal,
Reno,char_reno,false,normal,
Rentera,char_rentera,false,normal,
Revenan,char_revenan,false,normal,
Rhand,char_rhand,false,normal,
Rhobe,char_rhobe,false,normal,
Rhodry,char_rhodry,false,normal,
Rhombuc,char_rhombuc,false,normal,
Rhuarc,char_rhuarc,false,normal,
Rhuka,char_rhuka,false,normal,
Ric,char_ric,false,normal,
Riekor,char_riekor,false,normal,
Rik,char_rik,true,normal,whois imported from Mudlet archive
Rimnark,char_rimnark,false,normal,
Rio,char_rio,false,normal,
Riordan,char_riordan,false,normal,
Rippin,char_rippin,false,normal,
Risca,char_risca,false,normal,
Risp,char_risp,false,normal,
Rivet,char_rivet,false,normal,
Roadkill,char_roadkill,false,normal,
Rockfish,char_rockfish,false,normal,
Rodan,char_rodan,false,normal,
Rodothlim,char_rodothlim,false,normal,
Rogon,char_rogon,false,normal,
Rohic,char_rohic,false,normal,
Rohick,char_rohick,false,normal,
Rohik,char_rohik,false,normal,
Roman,char_roman,false,normal,
Romin,char_romin,false,normal,
Ronin,char_ronin,false,normal,
Rorka,char_rorka,false,normal,
Rot,char_rot,false,normal,
Rotho,char_rotho,false,normal,
Rotmos,char_rotmos,false,normal,
Roxik,char_roxik,false,normal,
Royal,char_royal,false,normal,
Rugorn,char_rugorn,false,normal,
Rukan,char_rukan,false,normal,
Rulla,char_rulla,false,normal,
Rumble,char_rumble,false,normal,
Rumptsais,char_rumptsais,false,normal,
Runk,char_runk,false,normal,
Ruul,char_ruul,false,normal,
Ryu,char_ryu,false,normal,
Rza,char_rza,false,normal,
S in,char_s_in,false,normal,
Sabadon,char_sabadon,false,normal,
Saber,char_saber,false,normal,
Sabish,char_sabish,false,normal,
Sabu,char_sabu,false,normal,
Saemo,char_saemo,false,normal,
Saeth,char_saeth,false,normal,
Sai,char_sai,false,normal,
Saint,char_saint,false,normal,
Sakuolts,char_sakuolts,false,normal,
Sakura,char_sakura,false,normal,
Salas,char_salas,false,normal,
Salmar,char_salmar,false,normal,
Salta,char_salta,false,normal,
San,char_san,false,normal,
Santana,char_santana,true,normal,whois imported from Mudlet archive
Sarah,char_sarah,false,normal,
Sardaukar,char_sardaukar,false,normal,
Scaramanga,char_scaramanga,false,normal,
Schmidt,char_schmidt,false,normal,
Scorn,char_scorn,false,normal,
Scorpio,char_scorpio,false,normal,
Scotty,char_scotty,false,normal,
Scrape,char_scrape,false,normal,
Scythe,char_scythe,false,normal,
Seek,char_seek,false,normal,
Seethe,char_seethe,false,normal,
Sehanine,char_sehanine,false,normal,
Selde,char_selde,false,normal,
Semirhage,char_semirhage,false,normal,
Serate,char_serate,false,normal,
Serion,char_serion,false,normal,
Sethron,char_sethron,false,normal,
Shades,char_shades,false,normal,
Shadoh,char_shadoh,false,normal,
Shadrach,char_shadrach,false,normal,
Shaff,char_shaff,false,normal,
Shagra,char_shagra,false,normal,
Shagrath,char_shagrath,false,normal,
Shaigan,char_shaigan,false,normal,
Shaitan,char_shaitan,false,normal,
Shala,char_shala,false,normal,
Shaolin,char_shaolin,false,normal,
Sharaaz,char_sharaaz,false,normal,
Sharan,char_sharan,false,normal,
Sharg,char_sharg,false,normal,
Sharghl,char_sharghl,false,normal,
Sharmak,char_sharmak,false,normal,
Shartomb,char_shartomb,false,normal,
Shashakar,char_shashakar,false,normal,
Shathur,char_shathur,false,normal,
Sheol,char_sheol,false,normal,
Shimmer,char_shimmer,false,normal,
Shorty,char_shorty,false,normal,
Shravl,char_shravl,false,normal,
Shrew,char_shrew,false,normal,
Shriek,char_shriek,false,normal,
Shrimp,char_shrimp,false,normal,
Sibur,char_sibur,false,normal,
Sikander,char_sikander,false,normal,
Sil,char_sil,false,normal,
Silencio,char_silencio,false,normal,
Silenoz,char_silenoz,false,normal,
Sillian,char_sillian,false,normal,
Silmarin,char_silmarin,false,normal,
Simba,char_simba,false,normal,
Sindorie,char_sindorie,false,normal,
Singha,char_singha,false,normal,
Sinner,char_sinner,false,normal,
Sirael,char_sirael,false,normal,
Siriala,char_siriala,false,normal,
Siroth,char_siroth,false,normal,
Sisalik,char_sisalik,false,normal,
Sistina,char_sistina,false,normal,
Sivanor,char_sivanor,false,normal,
Skip,char_skip,false,normal,
Skitz,char_skitz,false,normal,
Skud,char_skud,false,normal,
Skyfire,char_skyfire,false,normal,
Slobber,char_slobber,false,normal,
Sloo,char_sloo,false,normal,
Sloshed,char_sloshed,false,normal,
Sloth,char_sloth,false,normal,
Smallfist,char_smallfist,false,normal,
Smasher,char_smasher,false,normal,
Smitsy,char_smitsy,false,normal,
Smoke,char_smoke,false,normal,
Smrtak,char_smrtak,false,normal,
Smrtihlav,char_smrtihlav,false,normal,
Snark,char_snark,false,normal,
Snick,char_snick,false,normal,
Snicker,char_snicker,false,normal,
Snigel,char_snigel,false,normal,
Snooker,char_snooker,false,normal,
Snork,char_snork,false,normal,
Snotty,char_snotty,false,normal,
Snowball,char_snowball,false,normal,
Snowy,char_snowy,false,normal,
Snuggles,char_snuggles,false,normal,
Soerd,char_soerd,false,normal,
Sofinia,char_sofinia,false,normal,
Sookoll,char_sookoll,false,normal,
Soother,char_soother,false,normal,
Sophia,char_sophia,false,normal,
Sophiajansson,char_sophiajansson,false,normal,
Space,char_space,false,normal,
Spark,char_spark,false,normal,
Spears,char_spears,false,normal,
Spiffdark,char_spiffdark,false,normal,
Spinner,char_spinner,false,normal,
Spiritus,char_spiritus,false,normal,
Splat,char_splat,false,normal,
Splatter,char_splatter,false,normal,
Spooky,char_spooky,false,normal,
Spud,char_spud,false,normal,
Squasher,char_squasher,false,normal,
Squidgy,char_squidgy,false,normal,
Squiffy,char_squiffy,false,normal,
Stampe,char_stampe,false,normal,
Starobahno,char_starobahno,false,normal,
Starsa,char_starsa,false,normal,
Stealthy,char_stealthy,false,normal,
Steele,char_steele,false,normal,
Stile,char_stile,false,normal,
Stolb,char_stolb,false,normal,
Stormblast,char_stormblast,false,normal,
Strine,char_strine,false,normal,
Stussy,char_stussy,false,normal,
Stylie,char_stylie,false,normal,
Sufur,char_sufur,false,normal,
Suiram,char_suiram,false,normal,
Sunaire,char_sunaire,false,normal,
Sunflower,char_sunflower,false,normal,
Sunshine,char_sunshine,false,normal,
Svarog,char_svarog,false,normal,
Svin,char_svin,false,normal,
Swork,char_swork,false,normal,
Sylan,char_sylan,false,normal,
Taelo,char_taelo,false,normal,
Taggert,char_taggert,false,normal,
Tagrid,char_tagrid,false,normal,
Tagrin,char_tagrin,false,normal,
Tahkr,char_tahkr,false,normal,
Tairach,char_tairach,false,normal,
Talson,char_talson,false,normal,
Tanc,char_tanc,false,normal,
Tandada,char_tandada,false,normal,
Tanelorn,char_tanelorn,false,normal,
Tarannon,char_tarannon,false,normal,
Tardeer,char_tardeer,false,normal,
Tars,char_tars,false,normal,
Tasa,char_tasa,false,normal,
Tasslehoff,char_tasslehoff,false,normal,
Tauin,char_tauin,false,normal,
Taurek,char_taurek,false,normal,
Tear,char_tear,false,normal,
Teejay,char_teejay,false,normal,
Teeny,char_teeny,false,normal,
Telith,char_telith,false,normal,
Telumehtar,char_telumehtar,false,normal,
Temegl,char_temegl,false,normal,
Tempest,char_tempest,false,normal,
Teomyr,char_teomyr,false,normal,
Terendul,char_terendul,false,normal,
Tervin,char_tervin,false,normal,
Tessa,char_tessa,false,normal,
Teufel,char_teufel,false,normal,
Tezcatlipoca,char_tezcatlipoca,false,normal,
Tha,char_tha,false,normal,
Thalantyr,char_thalantyr,false,normal,
Thanis,char_thanis,false,normal,
Thanquol,char_thanquol,false,normal,
Tharain,char_tharain,false,normal,
Tharam,char_tharam,false,normal,
Tharl,char_tharl,false,normal,
Tharon,char_tharon,false,normal,
Thedeen,char_thedeen,false,normal,
Theofur,char_theofur,false,normal,
Thezi,char_thezi,false,normal,
Thilax,char_thilax,false,normal,
Thiondash,char_thiondash,false,normal,
Thoirin,char_thoirin,false,normal,
Thonr,char_thonr,false,normal,
Thorak,char_thorak,false,normal,
Thorny,char_thorny,false,normal,
Thoronwe,char_thoronwe,false,normal,
Thorzor,char_thorzor,false,normal,
Thrak,char_thrak,false,normal,
Throg,char_throg,false,normal,
Throin,char_throin,false,normal,
Throk,char_throk,false,normal,
Thror,char_thror,false,normal,
Thwag,char_thwag,false,normal,
Tia,char_tia,false,normal,
Tiamat,char_tiamat,false,normal,
Tianbao,char_tianbao,false,normal,
Tim,char_tim,false,normal,
Tindomerel,char_tindomerel,false,normal,
Toe,char_toe,false,normal,
Toin,char_toin,false,normal,
Toker,char_toker,false,normal,
Toku,char_toku,false,normal,
Tolman,char_tolman,false,normal,
Tommy,char_tommy,false,normal,
Topas,char_topas,false,normal,
Tora,char_tora,false,normal,
Toran,char_toran,false,normal,
Torham,char_torham,false,normal,
Torkild,char_torkild,false,normal,
Torment,char_torment,false,normal,
Torq,char_torq,false,normal,
Torvald,char_torvald,false,normal,
Toulen,char_toulen,false,normal,
Tragg,char_tragg,false,normal,
Tragikomix,char_tragikomix,false,normal,
Tram,char_tram,false,normal,
Trandar,char_trandar,false,normal,
Trasdockan,char_trasdockan,false,normal,
Trassel,char_trassel,false,normal,
Traverza,char_traverza,false,normal,
Trazsh,char_trazsh,false,normal,
Tri,char_tri,false,normal,
Trinity,char_trinity,false,normal,
Trobo,char_trobo,false,normal,
Troin,char_troin,false,normal,
Troom,char_troom,false,normal,
Trori,char_trori,false,normal,
Tukanek,char_tukanek,false,normal,
Tulkass,char_tulkass,false,normal,
Tupoun,char_tupoun,false,normal,
Turgon,char_turgon,false,normal,
Turim,char_turim,false,normal,
Turviniel,char_turviniel,false,normal,
Tutti,char_tutti,false,normal,
Tvimina,char_tvimina,false,normal,
Twog,char_twog,false,normal,
Twoq,char_twoq,false,normal,
Tygr,char_tygr,false,normal,
Tyrion,char_tyrion,false,normal,
Tzanck,char_tzanck,false,normal,
Uber,char_uber,false,normal,
Udo,char_udo,false,normal,
Uffe,char_uffe,false,normal,
Ugash,char_ugash,false,normal,
Ughar,char_ughar,false,normal,
Ugnez,char_ugnez,false,normal,
Ugurz,char_ugurz,true,normal,whois imported from Mudlet archive
Uhan,char_uhan,false,normal,
Ukuvul,char_ukuvul,false,normal,
Ula,char_ula,false,normal,
Ulairy,char_ulairy,true,normal,whois imported from Mudlet archive
Uland,char_uland,false,normal,
Uldrak,char_uldrak,false,normal,
Ulfhild,char_ulfhild,false,normal,
Ulkaar,char_ulkaar,false,normal,
Umanidd,char_umanidd,false,normal,
Umnik,char_umnik,false,normal,
Undolomion,char_undolomion,false,normal,
Ungrim,char_ungrim,false,normal,
Unholy,char_unholy,false,normal,
Unoc,char_unoc,false,normal,
Uralyon,char_uralyon,false,normal,
Uriond,char_uriond,false,normal,
Userbius,char_userbius,false,normal,
Uthalg,char_uthalg,false,normal,
Uzbad,char_uzbad,false,normal,
Vaab,char_vaab,false,normal,
Vagdish,char_vagdish,false,normal,
Vaim,char_vaim,false,normal,
Vainamoinen,char_vainamoinen,false,normal,
Valacar,char_valacar,false,normal,
Valamir,char_valamir,false,normal,
Valandar,char_valandar,false,normal,
Valastule,char_valastule,false,normal,
Valdja,char_valdja,false,normal,
Valen,char_valen,false,normal,
Valeria,char_valeria,false,normal,
Valgarv,char_valgarv,false,normal,
Valir,char_valir,false,normal,
Valkyria,char_valkyria,false,normal,
Valkyrie,char_valkyrie,false,normal,
Vandal,char_vandal,false,normal,
Vanimelde,char_vanimelde,false,normal,
Vanir,char_vanir,false,normal,
Vargas,char_vargas,false,normal,
Varvar,char_varvar,true,normal,whois imported from Mudlet archive
Vasa,char_vasa,false,normal,
Vasilisa,char_vasilisa,false,normal,
Vassago,char_vassago,false,normal,
Vatsayana,char_vatsayana,false,normal,
Vayu,char_vayu,false,normal,
Vecna,char_vecna,false,normal,
Venal,char_venal,false,normal,
Verminaard,char_verminaard,false,normal,
Viclona,char_viclona,false,normal,
Vidomina,char_vidomina,false,normal,
Vij,char_vij,false,normal,
Vili,char_vili,false,normal,
Viljar,char_viljar,false,normal,
Vincenzo,char_vincenzo,false,normal,
Vip,char_vip,false,normal,
Vishnak,char_vishnak,false,normal,
Vlas,char_vlas,false,normal,
Voile,char_voile,false,normal,
Vold,char_vold,false,normal,
Voltron,char_voltron,false,normal,
Vorne,char_vorne,false,normal,
Vortex,char_vortex,false,normal,
Vradul,char_vradul,false,normal,
Vral,char_vral,false,normal,
Vrede,char_vrede,false,normal,
Vridush,char_vridush,false,normal,
Vr�sh,char_vr_sh,false,normal,
Vsevolod,char_vsevolod,false,normal,
Vugluskr,char_vugluskr,true,normal,whois imported from Mudlet archive
Vulgar,char_vulgar,false,normal,
Waba,char_waba,false,normal,
Wacka,char_wacka,false,normal,
Wacker,char_wacker,false,normal,
Warren,char_warren,false,normal,
Warzur,char_warzur,false,normal,
Watar,char_watar,false,normal,
Wenom,char_wenom,false,normal,
Wert,char_wert,false,normal,
Wes,char_wes,false,normal,
Wierd,char_wierd,false,normal,
Wilma,char_wilma,false,normal,
Wind,char_wind,false,normal,
Winnie,char_winnie,false,normal,
Winzy,char_winzy,false,normal,
Wobbit,char_wobbit,false,normal,
Woe,char_woe,false,normal,
Woitkah,char_woitkah,false,normal,
Woland,char_woland,true,normal,whois imported from Mudlet archive
Wong,char_wong,false,normal,
Wow,char_wow,false,normal,
Wreth,char_wreth,false,normal,
Wroom,char_wroom,false,normal,
Wryak,char_wryak,false,normal,
Wryth,char_wryth,false,normal,
Wucheria,char_wucheria,false,normal,
Wurzl,char_wurzl,false,normal,
Wyzz,char_wyzz,false,normal,
Xagok,char_xagok,false,normal,
Xaltotun,char_xaltotun,false,normal,
Xandahar,char_xandahar,false,normal,
Xander,char_xander,false,normal,
Xatax,char_xatax,false,normal,
Xel,char_xel,false,normal,
Xelloss,char_xelloss,false,normal,
Xile,char_xile,false,normal,
Xylo,char_xylo,false,normal,
Yagara,char_yagara,false,normal,
Yanwe,char_yanwe,false,normal,
Ypsilon,char_ypsilon,false,normal,
Ytinas,char_ytinas,false,normal,
Zaber,char_zaber,false,normal,
Zanetha,char_zanetha,false,normal,
Zar,char_zar,false,normal,
Ze,char_ze,false,normal,
Zed,char_zed,false,normal,
Zeddicus,char_zeddicus,false,normal,
Zerabethulh,char_zerabethulh,false,normal,
Zeroth,char_zeroth,false,normal,
Zeus,char_zeus,false,normal,
Zevier,char_zevier,false,normal,
Zhagrat,char_zhagrat,false,normal,
Zhorgas,char_zhorgas,false,normal,
Zhuk,char_zhuk,false,normal,
Zigrakh,char_zigrakh,false,normal,
Zigurakhor,char_zigurakhor,false,normal,
Zilkis,char_zilkis,false,normal,
Zimar,char_zimar,false,normal,
Zimrathon,char_zimrathon,false,normal,
Zina,char_zina,false,normal,
Zirand,char_zirand,false,normal,
Zlababa,char_zlababa,false,normal,
Zlo,char_zlo,false,normal,
Zmej,char_zmej,false,normal,
Zocker,char_zocker,false,normal,
Zomb,char_zomb,false,normal,
Zoone,char_zoone,false,normal,
Zopa,char_zopa,false,normal,
Zorek,char_zorek,false,normal,
Zorgmol,char_zorgmol,false,normal,
Zorgoth,char_zorgoth,false,normal,
Zorrak,char_zorrak,false,normal,
Zoser,char_zoser,false,normal,
Zroi,char_zroi,false,normal,
Zubr,char_zubr,false,normal,
Zug,char_zug,false,normal,
Zuljin,char_zuljin,false,normal,
Zygmud,char_zygmud,false,normal,
